file,ssim,psnr,lpips
0.tif,0.714813,21.3625,0.284742
1.tif,0.538446,18.7579,0.283986
10.tif,0.500466,18.279,0.381786
100.tif,0.588195,21.3079,0.284047
1000.tif,0.544713,20.0325,0.290523
1001.tif,0.773901,23.5871,0.239095
1002.tif,0.720371,21.6518,0.256187
1003.tif,0.45312,19.7779,0.319962
1004.tif,0.56318,22.4836,0.274541
1005.tif,0.672207,20.3614,0.242279
1006.tif,0.6329,23.1408,0.30407
1007.tif,0.614312,20.675,0.268112
1008.tif,0.579561,22.7893,0.306335
1009.tif,0.470849,18.0186,0.260303
101.tif,0.56552,22.8326,0.266076
1010.tif,0.440605,20.5608,0.30854
1011.tif,0.53115,20.2996,0.26289
1012.tif,0.526822,17.5756,0.337522
1013.tif,0.563694,22.1362,0.30183
1014.tif,0.534191,20.9996,0.239901
1015.tif,0.474907,21.324,0.28632
1016.tif,0.597871,21.0339,0.268886
1017.tif,0.68811,21.8406,0.250109
1018.tif,0.52823,20.3162,0.301833
1019.tif,0.740171,24.6633,0.25279
102.tif,0.540526,21.701,0.254981
1020.tif,0.558618,20.3349,0.244346
1021.tif,0.509096,21.3266,0.315884
1022.tif,0.598467,21.2447,0.259806
1023.tif,0.497471,21.4355,0.263938
1024.tif,0.488874,20.8974,0.283416
1025.tif,0.516543,19.149,0.300047
1026.tif,0.624963,19.3088,0.262692
1027.tif,0.552117,22.6559,0.290754
1028.tif,0.514238,22.0289,0.277659
1029.tif,0.529358,21.0868,0.262657
103.tif,0.493383,20.5382,0.305042
1030.tif,0.572685,21.0039,0.230601
1031.tif,0.512308,19.8236,0.220347
1032.tif,0.556082,20.0133,0.301572
1033.tif,0.567452,21.7485,0.295659
1034.tif,0.655719,21.4399,0.276602
1035.tif,0.592815,22.403,0.259348
1036.tif,0.674248,22.8067,0.261113
1037.tif,0.59689,19.4235,0.248953
1038.tif,0.554671,19.7145,0.323882
1039.tif,0.667793,23.1628,0.238449
104.tif,0.560531,22.8975,0.255303
1040.tif,0.702574,22.2141,0.230595
1041.tif,0.567607,18.5756,0.280338
1042.tif,0.534077,21.1799,0.278222
1043.tif,0.621188,23.6716,0.266206
1044.tif,0.593587,20.9031,0.294161
1045.tif,0.587027,20.6387,0.270838
1046.tif,0.548625,16.7561,0.278861
1047.tif,0.556674,20.3397,0.298943
1048.tif,0.760809,25.3441,0.218113
1049.tif,0.531323,20.4904,0.273443
105.tif,0.69666,24.3552,0.302603
1050.tif,0.467029,18.0986,0.301472
1051.tif,0.526692,20.2917,0.293217
1052.tif,0.545142,19.649,0.247507
1053.tif,0.754508,23.3862,0.264918
1054.tif,0.549421,21.0755,0.281353
1055.tif,0.642503,23.0428,0.262607
1056.tif,0.484173,21.383,0.312252
1057.tif,0.693003,22.9398,0.238806
1058.tif,0.650665,22.3301,0.276629
1059.tif,0.540974,22.0314,0.312751
106.tif,0.628516,20.4612,0.271703
1060.tif,0.618743,24.2439,0.288113
1061.tif,0.491017,17.6601,0.273398
1062.tif,0.660129,22.8771,0.322767
1063.tif,0.564767,22.1075,0.240519
1064.tif,0.54633,20.4162,0.29888
1065.tif,0.516015,18.1575,0.29956
1066.tif,0.76792,21.1603,0.258182
1067.tif,0.494052,20.1522,0.323703
1068.tif,0.715687,23.7728,0.237368
1069.tif,0.668946,23.7336,0.293854
107.tif,0.565677,21.7045,0.294884
1070.tif,0.571619,23.1239,0.274032
1071.tif,0.583257,23.2286,0.256332
1072.tif,0.546986,20.532,0.271456
1073.tif,0.544891,20.0109,0.296458
1074.tif,0.489408,18.5763,0.3055
1075.tif,0.530241,19.8158,0.23933
1076.tif,0.659935,20.3934,0.328303
1077.tif,0.552038,22.769,0.256497
1078.tif,0.59695,20.382,0.284454
1079.tif,0.603855,22.8842,0.256855
108.tif,0.575138,22.937,0.263995
1080.tif,0.598656,19.8662,0.285921
1081.tif,0.555427,22.0343,0.277171
1082.tif,0.655885,20.6853,0.260756
1083.tif,0.574958,22.6122,0.265247
1084.tif,0.440225,20.623,0.397473
1085.tif,0.518824,20.7427,0.345611
1086.tif,0.56659,21.7262,0.258819
1087.tif,0.579709,21.6679,0.260498
1088.tif,0.518009,21.2984,0.271129
1089.tif,0.636856,22.2999,0.272014
109.tif,0.550474,19.8937,0.267212
1090.tif,0.512399,18.6817,0.268837
1091.tif,0.522075,19.8704,0.304425
1092.tif,0.552016,21.9678,0.38336
1093.tif,0.521939,20.1713,0.319569
1094.tif,0.502688,23.2118,0.313114
1095.tif,0.516094,18.9665,0.283813
1096.tif,0.64575,23.1768,0.251193
1097.tif,0.56349,22.22,0.313386
1098.tif,0.565892,20.4175,0.250811
1099.tif,0.645858,22.6959,0.293351
11.tif,0.626399,19.7302,0.294277
110.tif,0.617752,19.2645,0.251
1100.tif,0.614831,23.0486,0.30902
1101.tif,0.582062,22.7259,0.348355
1102.tif,0.570978,20.0826,0.239857
1103.tif,0.527943,19.7545,0.235679
1104.tif,0.60441,21.3329,0.256591
1105.tif,0.682188,22.3624,0.245818
1106.tif,0.543036,20.9288,0.314028
1107.tif,0.635138,20.2451,0.273516
1108.tif,0.53754,23.257,0.333477
1109.tif,0.555372,20.7161,0.278711
111.tif,0.547418,17.9085,0.289953
1110.tif,0.577606,21.7426,0.293909
1111.tif,0.499673,20.1121,0.309253
1112.tif,0.554145,21.4666,0.268176
1113.tif,0.601718,22.8565,0.23936
1114.tif,0.513689,20.1906,0.290125
1115.tif,0.610558,20.3211,0.30932
1116.tif,0.491978,18.5347,0.277912
1117.tif,0.639594,21.9292,0.225318
1118.tif,0.762716,24.6462,0.228791
1119.tif,0.535381,21.7042,0.301367
112.tif,0.561477,21.3007,0.262868
1120.tif,0.579281,22.7779,0.291864
1121.tif,0.537572,17.0774,0.263872
1122.tif,0.589688,17.8739,0.356816
1123.tif,0.647924,21.9659,0.228302
1124.tif,0.494107,17.7917,0.317801
1125.tif,0.682805,24.4723,0.248839
1126.tif,0.698837,22.2852,0.268073
1127.tif,0.762559,22.1402,0.242383
1128.tif,0.552082,21.487,0.267822
1129.tif,0.579699,21.2205,0.312052
113.tif,0.600332,23.4646,0.275411
1130.tif,0.471344,20.1004,0.286577
1131.tif,0.495487,22.527,0.381082
1132.tif,0.64184,23.3376,0.255668
1133.tif,0.592314,21.7765,0.313996
1134.tif,0.639996,25.3863,0.286698
1135.tif,0.666373,24.7838,0.241289
1136.tif,0.611476,22.1217,0.302047
1137.tif,0.646243,22.5283,0.283461
1138.tif,0.552925,20.5862,0.267929
1139.tif,0.557298,20.0189,0.3007
114.tif,0.637792,20.7007,0.267043
1140.tif,0.564916,21.8709,0.265063
1141.tif,0.507245,20.5482,0.268067
1142.tif,0.603934,24.1578,0.290506
1143.tif,0.554113,19.9116,0.272022
1144.tif,0.551545,19.5,0.272793
1145.tif,0.474902,18.0462,0.272308
1146.tif,0.712266,22.097,0.289249
1147.tif,0.603825,24.6499,0.297839
1148.tif,0.558191,22.2525,0.252674
1149.tif,0.604516,19.6834,0.237318
115.tif,0.592089,19.3154,0.261743
1150.tif,0.67064,23.1876,0.246626
1151.tif,0.530534,19.2926,0.374397
1152.tif,0.654972,23.2592,0.263457
1153.tif,0.624376,22.9829,0.264391
1154.tif,0.564958,20.4496,0.275348
1155.tif,0.545064,18.3104,0.24888
1156.tif,0.529432,22.7914,0.290174
1157.tif,0.498967,16.5839,0.275336
1158.tif,0.58857,20.4378,0.314125
1159.tif,0.545087,22.3385,0.256242
116.tif,0.639349,21.1205,0.331401
1160.tif,0.486229,19.1472,0.290179
1161.tif,0.557621,20.938,0.243669
1162.tif,0.575977,22.4236,0.261585
1163.tif,0.617209,22.0016,0.255174
1164.tif,0.628879,20.8115,0.381211
1165.tif,0.53312,22.4649,0.270952
1166.tif,0.453535,20.5228,0.330542
1167.tif,0.559164,22.6045,0.293265
1168.tif,0.562224,23.102,0.264205
1169.tif,0.528176,17.1943,0.278126
117.tif,0.527019,19.7291,0.280822
1170.tif,0.603219,20.2413,0.291939
1171.tif,0.568501,22.248,0.287502
1172.tif,0.530155,16.9137,0.271652
1173.tif,0.480051,16.3435,0.288961
1174.tif,0.554863,24.1414,0.29486
1175.tif,0.590667,20.4823,0.257117
1176.tif,0.558847,22.2831,0.2806
1177.tif,0.644741,20.4493,0.303479
1178.tif,0.53089,22.2565,0.277327
1179.tif,0.570278,21.7035,0.294657
118.tif,0.418972,14.8216,0.33978
1180.tif,0.47752,19.3058,0.30993
1181.tif,0.691107,22.6458,0.218459
1182.tif,0.588158,20.5729,0.238334
1183.tif,0.600562,21.3573,0.245876
1184.tif,0.613689,20.8333,0.28558
1185.tif,0.611633,18.0651,0.33498
1186.tif,0.604356,19.3454,0.362824
1187.tif,0.632806,16.5681,0.303689
1188.tif,0.525901,16.9093,0.314616
1189.tif,0.658062,22.9688,0.305841
119.tif,0.487557,19.853,0.274502
1190.tif,0.526813,21.7106,0.273123
1191.tif,0.564087,20.8354,0.24784
1192.tif,0.499058,18.665,0.328016
1193.tif,0.511406,20.0293,0.279902
1194.tif,0.516887,20.954,0.300707
1195.tif,0.514749,22.5072,0.306519
1196.tif,0.648858,22.4294,0.288865
1197.tif,0.78343,26.5562,0.316425
1198.tif,0.57599,21.4991,0.251088
1199.tif,0.799632,24.3619,0.262888
12.tif,0.525072,18.3384,0.344892
120.tif,0.549534,20.2017,0.265636
1200.tif,0.526353,20.6389,0.247066
1201.tif,0.581068,22.3242,0.220068
1202.tif,0.555138,23.5911,0.383897
1203.tif,0.536896,19.6671,0.2825
1204.tif,0.570739,21.6152,0.252722
1205.tif,0.516723,19.7935,0.271789
1206.tif,0.550375,23.3603,0.278926
1207.tif,0.535116,23.0843,0.266948
1208.tif,0.553851,22.3098,0.299386
1209.tif,0.499213,21.7158,0.285794
121.tif,0.591537,22.272,0.263879
1210.tif,0.471028,20.8853,0.284625
1211.tif,0.544971,21.0516,0.25393
1212.tif,0.666673,21.3027,0.263162
1213.tif,0.573798,19.8664,0.257801
1214.tif,0.635163,22.754,0.268863
1215.tif,0.550204,21.1439,0.290426
1216.tif,0.477494,20.594,0.248306
1217.tif,0.5158,22.8815,0.259425
1218.tif,0.624646,22.1501,0.294348
1219.tif,0.607166,21.6417,0.282282
122.tif,0.524573,20.4421,0.273212
1220.tif,0.56868,22.7948,0.272483
1221.tif,0.525126,21.665,0.317046
1222.tif,0.543723,21.7242,0.277307
1223.tif,0.403092,19.9738,0.323626
1224.tif,0.49374,20.6955,0.298464
1225.tif,0.725316,24.4979,0.234983
1226.tif,0.548925,23.1227,0.228398
1227.tif,0.45377,21.6317,0.335251
1228.tif,0.580692,21.5795,0.265897
1229.tif,0.60557,21.8805,0.271759
123.tif,0.627207,18.1507,0.269757
1230.tif,0.525433,21.2287,0.277714
1231.tif,0.731328,23.9099,0.273568
1232.tif,0.587861,21.6037,0.290154
1233.tif,0.619753,21.7981,0.261077
1234.tif,0.574025,19.3922,0.265306
1235.tif,0.58577,21.3379,0.334198
1236.tif,0.499465,21.2296,0.31961
1237.tif,0.42298,17.3764,0.353228
1238.tif,0.510611,22.1678,0.296487
1239.tif,0.471741,20.675,0.266662
124.tif,0.483928,20.8841,0.329547
1240.tif,0.563287,22.5622,0.286308
1241.tif,0.521777,20.9689,0.264245
1242.tif,0.574193,22.4052,0.269482
1243.tif,0.632123,22.3518,0.265569
1244.tif,0.735684,26.0887,0.255104
1245.tif,0.514777,21.4826,0.267745
1246.tif,0.513,21.7312,0.310959
1247.tif,0.602966,20.7022,0.268382
1248.tif,0.612654,21.412,0.236805
1249.tif,0.60988,23.0236,0.276625
125.tif,0.559877,20.1601,0.270891
1250.tif,0.581383,22.7413,0.267201
1251.tif,0.551323,21.0651,0.308523
1252.tif,0.588578,18.7111,0.342747
1253.tif,0.549688,20.8052,0.234443
1254.tif,0.453693,21.6671,0.270722
1255.tif,0.464025,21.564,0.242881
1256.tif,0.519898,21.4379,0.265881
1257.tif,0.496371,20.792,0.291785
1258.tif,0.539635,20.2526,0.267414
1259.tif,0.504406,20.3312,0.259691
126.tif,0.595362,19.344,0.254701
1260.tif,0.60496,22.3091,0.279822
1261.tif,0.45609,19.7848,0.310518
1262.tif,0.516889,21.4782,0.30132
1263.tif,0.542246,22.7965,0.292799
1264.tif,0.536485,20.6892,0.283154
1265.tif,0.62529,22.2972,0.29883
1266.tif,0.474858,21.0329,0.271751
1267.tif,0.663927,23.428,0.249996
1268.tif,0.590565,22.649,0.257342
1269.tif,0.528177,22.3686,0.293523
127.tif,0.66761,20.6665,0.302765
1270.tif,0.622161,22.03,0.342641
1271.tif,0.452097,20.1024,0.309602
1272.tif,0.652829,23.5991,0.247253
1273.tif,0.571739,21.7486,0.252943
1274.tif,0.625754,22.486,0.284706
1275.tif,0.661068,22.6644,0.304502
1276.tif,0.671412,22.1514,0.246372
1277.tif,0.530928,18.0992,0.299142
1278.tif,0.665148,20.2572,0.296633
1279.tif,0.483302,17.9756,0.29601
128.tif,0.607018,20.8924,0.253508
1280.tif,0.633246,20.1271,0.270686
1281.tif,0.521108,21.358,0.294877
1282.tif,0.447199,19.3613,0.316086
1283.tif,0.697406,24.7314,0.291175
1284.tif,0.52425,20.2378,0.278898
1285.tif,0.574934,21.546,0.264649
1286.tif,0.562177,21.002,0.370682
1287.tif,0.563706,23.0887,0.28391
1288.tif,0.534761,21.6746,0.271592
1289.tif,0.516229,21.4443,0.346922
129.tif,0.530659,17.5427,0.296847
1290.tif,0.58338,20.9823,0.267865
1291.tif,0.624688,21.7758,0.303762
1292.tif,0.634036,22.7066,0.26249
1293.tif,0.492916,21.2269,0.293839
1294.tif,0.485041,19.9684,0.294262
1295.tif,0.631151,22.8317,0.300515
1296.tif,0.570623,19.6982,0.291711
1297.tif,0.493802,22.384,0.267686
1298.tif,0.58432,21.6585,0.264359
1299.tif,0.469091,20.2714,0.314209
13.tif,0.553715,21.0069,0.279252
130.tif,0.739094,20.5253,0.258914
1300.tif,0.503773,22.0645,0.265881
1301.tif,0.574786,23.542,0.277849
1302.tif,0.595817,23.6391,0.265359
1303.tif,0.676523,22.5658,0.252358
1304.tif,0.569739,20.6093,0.295485
1305.tif,0.665977,21.7979,0.241036
1306.tif,0.553155,20.6975,0.286866
1307.tif,0.585933,21.1686,0.25785
1308.tif,0.496035,20.4817,0.28867
1309.tif,0.512398,20.806,0.285194
131.tif,0.532954,19.5658,0.287754
1310.tif,0.677337,23.5233,0.264399
1311.tif,0.642034,22.9473,0.283852
1312.tif,0.537099,21.6278,0.371175
1313.tif,0.540002,19.329,0.326576
1314.tif,0.526439,19.7588,0.305873
1315.tif,0.593332,20.0197,0.35223
1316.tif,0.504874,19.5433,0.278625
1317.tif,0.640599,20.6247,0.281737
1318.tif,0.633117,21.7687,0.23253
1319.tif,0.596458,24.1502,0.273921
132.tif,0.586648,20.1055,0.263114
1320.tif,0.404374,16.2426,0.323107
1321.tif,0.585695,22.4324,0.267208
1322.tif,0.486197,21.1768,0.261845
1323.tif,0.624783,22.715,0.281786
1324.tif,0.634441,22.857,0.24827
1325.tif,0.746465,24.3026,0.275585
1326.tif,0.500781,21.1289,0.251048
1327.tif,0.487243,20.8554,0.282504
1328.tif,0.501899,21.1757,0.296399
1329.tif,0.54585,20.7206,0.303716
133.tif,0.496191,20.1387,0.269696
1330.tif,0.558964,21.12,0.286693
1331.tif,0.487591,21.7801,0.308157
1332.tif,0.621054,21.2284,0.251497
1333.tif,0.588931,22.4238,0.311338
1334.tif,0.7415,23.4904,0.32418
1335.tif,0.500395,20.7539,0.246094
1336.tif,0.65527,22.4814,0.317164
1337.tif,0.494848,20.8321,0.274565
1338.tif,0.440196,19.9735,0.285888
1339.tif,0.589505,21.643,0.239484
134.tif,0.44119,19.7686,0.287742
1340.tif,0.598903,23.3655,0.257836
1341.tif,0.537306,21.5972,0.256954
1342.tif,0.522612,22.0048,0.280457
1343.tif,0.738355,22.7382,0.280417
1344.tif,0.617041,23.3009,0.300832
1345.tif,0.563496,21.6718,0.370356
1346.tif,0.660551,20.0078,0.29384
1347.tif,0.560846,21.6408,0.258635
1348.tif,0.505255,20.1106,0.291688
1349.tif,0.648906,21.9496,0.291708
135.tif,0.514094,18.2738,0.299118
1350.tif,0.540246,21.1895,0.265602
1351.tif,0.547882,22.7477,0.286765
1352.tif,0.504417,21.5526,0.287222
1353.tif,0.497025,20.4042,0.296655
1354.tif,0.517875,21.0277,0.297938
1355.tif,0.450668,19.8719,0.334705
1356.tif,0.604709,21.2314,0.282635
1357.tif,0.561977,22.0143,0.264194
1358.tif,0.539021,17.5631,0.349143
1359.tif,0.627498,22.2482,0.258898
136.tif,0.612581,19.5797,0.32047
1360.tif,0.55017,20.6108,0.265776
1361.tif,0.59296,21.0971,0.274652
1362.tif,0.476754,20.5116,0.336585
1363.tif,0.688955,22.7619,0.230222
1364.tif,0.650772,22.4066,0.264535
1365.tif,0.600766,22.1554,0.314233
1366.tif,0.564078,21.7107,0.265337
1367.tif,0.566803,22.0243,0.257854
1368.tif,0.53804,19.7731,0.302636
1369.tif,0.472744,19.3262,0.350191
137.tif,0.567277,20.6797,0.303092
1370.tif,0.514718,21.1392,0.281173
1371.tif,0.56611,23.5317,0.327101
1372.tif,0.475499,20.3191,0.314141
1373.tif,0.64913,24.7416,0.274839
1374.tif,0.642371,22.6273,0.248561
1375.tif,0.548615,21.5867,0.308292
1376.tif,0.651902,18.2843,0.324455
1377.tif,0.480763,19.6291,0.327782
1378.tif,0.549784,22.9124,0.231564
1379.tif,0.549639,23.8979,0.281019
138.tif,0.76659,21.3575,0.277305
1380.tif,0.503804,21.1534,0.231003
1381.tif,0.61016,22.0761,0.310924
1382.tif,0.596377,21.3212,0.247461
1383.tif,0.639111,21.7677,0.257987
1384.tif,0.512152,20.5549,0.278929
1385.tif,0.592199,22.85,0.267542
1386.tif,0.563344,19.2379,0.265236
1387.tif,0.580969,16.8262,0.396827
1388.tif,0.694813,23.296,0.280098
1389.tif,0.820707,23.3764,0.185553
139.tif,0.550682,20.5626,0.288852
1390.tif,0.651539,21.6148,0.284268
1391.tif,0.538025,20.8281,0.318356
1392.tif,0.504586,21.5876,0.280301
1393.tif,0.700627,21.1462,0.280203
1394.tif,0.584098,20.9679,0.296665
1395.tif,0.544341,20.8898,0.283229
1396.tif,0.494058,20.2674,0.284267
1397.tif,0.569746,21.318,0.31509
1398.tif,0.558847,20.3303,0.288053
1399.tif,0.423486,18.4688,0.326666
14.tif,0.504578,20.9601,0.281616
140.tif,0.531007,18.5153,0.262835
1400.tif,0.494172,19.6353,0.294419
1401.tif,0.524525,20.2893,0.309696
1402.tif,0.581346,22.5688,0.381566
1403.tif,0.580985,20.4533,0.317178
1404.tif,0.519792,21.3833,0.291475
1405.tif,0.532902,14.9797,0.344637
1406.tif,0.443715,20.4695,0.316924
1407.tif,0.551097,20.3859,0.290341
1408.tif,0.557936,18.9106,0.287481
1409.tif,0.417953,19.8865,0.31958
141.tif,0.705203,21.0021,0.246186
1410.tif,0.491391,18.2161,0.319041
1411.tif,0.504784,21.4224,0.276314
1412.tif,0.536674,20.7689,0.358067
1413.tif,0.61372,21.5189,0.356583
1414.tif,0.483216,21.3466,0.340518
1415.tif,0.421637,17.4509,0.332034
1416.tif,0.450952,19.8375,0.310193
1417.tif,0.5512,17.325,0.29748
1418.tif,0.58776,19.8136,0.357998
1419.tif,0.545987,21.7272,0.265976
142.tif,0.600362,17.564,0.278851
1420.tif,0.471639,19.7232,0.305932
1421.tif,0.536984,20.093,0.286373
1422.tif,0.510495,20.1636,0.304775
1423.tif,0.51886,21.2868,0.296581
1424.tif,0.552754,20.9515,0.311682
1425.tif,0.472933,20.9301,0.276187
1426.tif,0.508453,20.1929,0.319244
1427.tif,0.554197,22.7209,0.283494
1428.tif,0.580746,21.7028,0.311147
1429.tif,0.499316,21.0811,0.314989
143.tif,0.516396,21.3681,0.312557
1430.tif,0.483976,22.0921,0.298045
1431.tif,0.533467,18.6204,0.327918
1432.tif,0.58356,22.5573,0.312952
1433.tif,0.552137,21.8288,0.321374
1434.tif,0.509596,19.9999,0.296216
1435.tif,0.585555,21.5141,0.282681
1436.tif,0.576333,21.1584,0.29183
1437.tif,0.510851,20.0045,0.329466
1438.tif,0.661647,18.2387,0.344717
1439.tif,0.616208,22.3982,0.301509
144.tif,0.576709,23.128,0.266158
1440.tif,0.483891,21.0876,0.314242
1441.tif,0.451862,20.2252,0.277421
1442.tif,0.59539,22.1781,0.293435
1443.tif,0.493944,20.1849,0.272363
1444.tif,0.578017,22.2963,0.294816
1445.tif,0.532362,21.5627,0.269138
1446.tif,0.538293,19.6498,0.291206
1447.tif,0.538151,20.3189,0.299727
1448.tif,0.495457,18.1815,0.306468
1449.tif,0.501687,18.8527,0.317871
145.tif,0.62379,22.1655,0.229943
1450.tif,0.623763,21.9551,0.302156
1451.tif,0.507875,20.4544,0.267687
1452.tif,0.552005,20.5953,0.318518
1453.tif,0.503053,20.3502,0.28344
1454.tif,0.477119,22.1668,0.287676
1455.tif,0.573502,21.33,0.26748
1456.tif,0.744875,23.0307,0.315342
1457.tif,0.526508,22.3695,0.283681
1458.tif,0.572621,22.3593,0.347989
1459.tif,0.654945,23.2738,0.330766
146.tif,0.672062,22.743,0.268468
1460.tif,0.549211,18.1437,0.288473
1461.tif,0.605426,22.1284,0.276814
1462.tif,0.450489,18.9912,0.334719
1463.tif,0.499814,20.1117,0.271426
1464.tif,0.503021,21.6928,0.250391
1465.tif,0.539868,17.7519,0.294039
1466.tif,0.525118,21.8609,0.273433
1467.tif,0.710621,22.5762,0.336276
1468.tif,0.524619,20.3198,0.281114
1469.tif,0.478119,20.0249,0.260066
147.tif,0.550219,20.5908,0.253096
1470.tif,0.449057,21.2392,0.270079
1471.tif,0.602507,21.8092,0.254435
1472.tif,0.497476,20.595,0.317268
1473.tif,0.507914,20.5197,0.265028
1474.tif,0.612371,21.4029,0.255676
1475.tif,0.569811,21.9807,0.278389
1476.tif,0.623136,20.5986,0.304844
1477.tif,0.537399,22.1536,0.316756
1478.tif,0.491557,18.7134,0.279656
1479.tif,0.508675,20.232,0.296209
148.tif,0.510506,19.8484,0.263508
1480.tif,0.529345,19.2188,0.294978
1481.tif,0.617401,21.9596,0.272106
1482.tif,0.532826,19.8148,0.262415
1483.tif,0.494367,20.8514,0.275802
1484.tif,0.531215,20.504,0.283815
1485.tif,0.841102,21.5087,0.287112
1486.tif,0.534299,22.9531,0.314717
1487.tif,0.593839,22.0334,0.307966
1488.tif,0.477967,19.7036,0.312243
1489.tif,0.545959,21.8733,0.268795
149.tif,0.546536,20.0303,0.258035
1490.tif,0.462865,20.4068,0.274135
1491.tif,0.555164,21.0864,0.265413
1492.tif,0.593048,20.6436,0.265459
1493.tif,0.439553,17.3933,0.368196
1494.tif,0.545939,22.7089,0.28052
1495.tif,0.524362,19.3477,0.322749
1496.tif,0.546955,20.7169,0.254995
1497.tif,0.532252,20.246,0.27436
1498.tif,0.494186,20.3899,0.294125
1499.tif,0.756122,23.1724,0.377261
15.tif,0.541562,20.0109,0.26676
150.tif,0.598772,21.2235,0.225176
1500.tif,0.511467,19.7903,0.291268
1501.tif,0.613958,20.966,0.300061
1502.tif,0.562605,21.3328,0.351001
1503.tif,0.560195,22.7917,0.268356
1504.tif,0.533043,19.8948,0.298641
1505.tif,0.46279,20.0358,0.323178
1506.tif,0.495535,20.3158,0.285723
1507.tif,0.48988,20.4836,0.289233
1508.tif,0.519077,22.2375,0.273105
1509.tif,0.61466,21.7746,0.321902
151.tif,0.641601,21.3905,0.265309
1510.tif,0.503472,21.319,0.306424
1511.tif,0.536929,22.1357,0.304507
1512.tif,0.519189,19.6223,0.303507
1513.tif,0.592941,20.6176,0.271928
1514.tif,0.742688,24.1104,0.334031
1515.tif,0.530197,20.6816,0.277697
1516.tif,0.400285,18.3164,0.365531
1517.tif,0.521464,20.1317,0.319699
1518.tif,0.491571,20.0429,0.269487
1519.tif,0.518284,20.2894,0.293723
152.tif,0.495746,19.8575,0.2617
1520.tif,0.633915,21.2254,0.302045
1521.tif,0.59843,22.0351,0.309889
1522.tif,0.525437,21.0237,0.28467
1523.tif,0.54703,19.4357,0.292383
1524.tif,0.54153,20.5053,0.256576
1525.tif,0.537685,20.5439,0.290472
1526.tif,0.520281,21.2676,0.265319
1527.tif,0.499839,19.8094,0.299838
1528.tif,0.529918,21.784,0.267814
1529.tif,0.576761,20.7935,0.322325
153.tif,0.665379,23.2441,0.259088
1530.tif,0.633487,22.7293,0.267577
1531.tif,0.500596,21.9795,0.310008
1532.tif,0.544465,20.156,0.302487
1533.tif,0.625313,22.1592,0.299953
1534.tif,0.586164,22.1465,0.25563
1535.tif,0.745602,24.3264,0.281281
1536.tif,0.557972,21.7381,0.305263
1537.tif,0.482167,21.0141,0.254491
1538.tif,0.500803,19.6018,0.316684
1539.tif,0.464054,18.2197,0.289089
154.tif,0.760345,22.9981,0.252733
1540.tif,0.475512,21.6734,0.253332
1541.tif,0.527472,21.5418,0.324846
1542.tif,0.563038,21.3649,0.303475
1543.tif,0.57722,20.8787,0.276654
1544.tif,0.696855,21.7142,0.260707
1545.tif,0.632761,21.7758,0.274113
1546.tif,0.576817,19.9457,0.296419
1547.tif,0.553872,21.4689,0.258848
1548.tif,0.489673,20.3732,0.267533
1549.tif,0.620035,21.8385,0.2954
155.tif,0.637395,20.4961,0.257357
1550.tif,0.491843,21.7162,0.283726
1551.tif,0.607064,22.8636,0.253828
1552.tif,0.513819,19.5858,0.297659
1553.tif,0.517562,21.0309,0.279732
1554.tif,0.56761,21.1821,0.320254
1555.tif,0.535342,22.3938,0.275298
1556.tif,0.510832,20.8516,0.358797
1557.tif,0.566476,19.6898,0.319333
1558.tif,0.518675,20.712,0.289785
1559.tif,0.564267,19.9637,0.307872
156.tif,0.573766,20.1877,0.250397
1560.tif,0.531652,22.3547,0.276445
1561.tif,0.525719,18.8991,0.281935
1562.tif,0.543058,21.0422,0.319957
1563.tif,0.540014,21.7038,0.307622
1564.tif,0.529377,20.9977,0.306356
1565.tif,0.521609,20.4219,0.314328
1566.tif,0.520415,18.9652,0.306753
1567.tif,0.707297,21.5744,0.236492
1568.tif,0.585917,21.7071,0.299535
1569.tif,0.621934,19.8017,0.366549
157.tif,0.673807,22.2211,0.226325
1570.tif,0.577765,20.1855,0.309743
1571.tif,0.492077,21.3534,0.296092
1572.tif,0.468847,20.8322,0.239866
1573.tif,0.517057,21.8621,0.326919
1574.tif,0.462936,17.731,0.365629
1575.tif,0.538067,21.5021,0.289983
1576.tif,0.575859,20.9784,0.310083
1577.tif,0.511671,21.4827,0.276329
1578.tif,0.500089,20.0,0.255732
1579.tif,0.513884,20.3687,0.318125
158.tif,0.495941,19.6177,0.286029
1580.tif,0.500711,20.728,0.269023
1581.tif,0.605752,20.9318,0.305916
1582.tif,0.677394,24.5503,0.300936
1583.tif,0.509118,18.0419,0.287539
1584.tif,0.584046,23.3026,0.261556
1585.tif,0.495889,18.9099,0.355328
1586.tif,0.598379,21.288,0.282369
1587.tif,0.479098,20.9331,0.269068
1588.tif,0.563439,21.039,0.28377
1589.tif,0.532288,21.3805,0.286703
159.tif,0.570335,20.7787,0.245111
1590.tif,0.605539,21.4646,0.338661
1591.tif,0.558015,21.8601,0.278559
1592.tif,0.662726,20.8081,0.305281
1593.tif,0.432924,17.2841,0.338394
1594.tif,0.579952,21.1057,0.263391
1595.tif,0.487014,19.2107,0.312777
1596.tif,0.505604,19.823,0.327199
1597.tif,0.504068,21.4867,0.345596
1598.tif,0.618784,20.5815,0.282019
1599.tif,0.538196,22.2921,0.311142
16.tif,0.546743,17.833,0.293814
160.tif,0.623597,20.6308,0.33275
1600.tif,0.532704,21.1443,0.282635
1601.tif,0.547907,21.5276,0.302668
1602.tif,0.499234,20.666,0.315972
1603.tif,0.571554,20.3638,0.324984
1604.tif,0.457128,18.6815,0.274717
1605.tif,0.549964,21.0943,0.252511
1606.tif,0.478181,17.382,0.299542
1607.tif,0.541308,22.6134,0.236067
1608.tif,0.612442,22.6478,0.282971
1609.tif,0.765909,23.2692,0.222442
161.tif,0.603222,19.3456,0.262315
1610.tif,0.519053,21.3541,0.293979
1611.tif,0.589968,21.0284,0.248382
1612.tif,0.468046,19.4124,0.354622
1613.tif,0.648724,20.9769,0.334907
1614.tif,0.638299,23.6592,0.30438
1615.tif,0.64097,21.354,0.315782
1616.tif,0.691128,23.6443,0.342328
1617.tif,0.677623,22.841,0.218604
1618.tif,0.526834,20.8335,0.279071
1619.tif,0.625941,21.5354,0.227698
162.tif,0.642403,19.079,0.264231
1620.tif,0.571284,19.2752,0.298215
1621.tif,0.509394,21.8129,0.244766
1622.tif,0.598243,21.1031,0.262807
1623.tif,0.587876,19.0289,0.312457
1624.tif,0.539851,19.1106,0.257646
1625.tif,0.549212,21.9861,0.302792
1626.tif,0.554636,21.6181,0.289913
1627.tif,0.507975,19.8005,0.357668
1628.tif,0.634964,19.7795,0.236326
1629.tif,0.465571,20.758,0.265277
163.tif,0.522866,19.0543,0.268715
1630.tif,0.589321,18.4087,0.261482
1631.tif,0.551235,22.6717,0.267271
1632.tif,0.443999,18.8052,0.369889
1633.tif,0.586674,20.836,0.280497
1634.tif,0.580294,21.5914,0.27759
1635.tif,0.586871,21.9055,0.288723
1636.tif,0.576846,20.7866,0.286675
1637.tif,0.453432,21.1094,0.321377
1638.tif,0.572913,17.9723,0.291788
1639.tif,0.609541,21.825,0.262272
164.tif,0.625598,21.26,0.255902
1640.tif,0.580052,20.3182,0.268482
1641.tif,0.522281,19.2536,0.269132
1642.tif,0.507339,19.2087,0.291973
1643.tif,0.520223,15.4833,0.331203
1644.tif,0.716865,21.5498,0.251682
1645.tif,0.509316,21.8379,0.363035
1646.tif,0.653064,20.959,0.243246
1647.tif,0.63547,22.5879,0.240611
1648.tif,0.5265,20.917,0.272493
1649.tif,0.647997,18.9154,0.306058
165.tif,0.568639,21.5696,0.292624
1650.tif,0.466178,19.6781,0.30883
1651.tif,0.627695,21.8647,0.247263
1652.tif,0.611437,21.3552,0.253345
1653.tif,0.668688,22.4056,0.272395
1654.tif,0.612216,21.3257,0.25735
1655.tif,0.664949,21.0561,0.249991
1656.tif,0.53285,22.5207,0.305387
1657.tif,0.509368,21.5723,0.28953
1658.tif,0.493252,19.2913,0.300493
1659.tif,0.560246,21.0464,0.286056
166.tif,0.590904,21.6713,0.29844
1660.tif,0.709107,23.2038,0.313983
1661.tif,0.56783,16.1902,0.371883
1662.tif,0.559422,18.7296,0.277085
1663.tif,0.513101,20.3118,0.300626
1664.tif,0.572877,17.6455,0.335662
1665.tif,0.592937,20.4267,0.319085
1666.tif,0.53361,18.4076,0.289798
1667.tif,0.528119,20.9396,0.340606
1668.tif,0.625286,19.938,0.276
1669.tif,0.550283,19.885,0.273842
167.tif,0.578759,20.7991,0.323549
1670.tif,0.480773,18.7081,0.292013
1671.tif,0.434572,20.5232,0.350765
1672.tif,0.522004,18.6327,0.294339
1673.tif,0.543652,20.4607,0.284932
1674.tif,0.517358,19.1159,0.298082
1675.tif,0.674242,21.582,0.256284
1676.tif,0.56408,20.7048,0.313882
1677.tif,0.486516,23.2747,0.326891
1678.tif,0.574171,22.2331,0.256785
1679.tif,0.568983,22.1395,0.29726
168.tif,0.647719,22.4815,0.248869
1680.tif,0.538913,21.4072,0.305993
1681.tif,0.469057,19.6852,0.292571
1682.tif,0.627601,21.5967,0.288445
1683.tif,0.546861,21.3665,0.283527
1684.tif,0.565582,22.1019,0.238278
1685.tif,0.570861,21.8745,0.27779
1686.tif,0.508913,21.1156,0.300154
1687.tif,0.640001,21.2232,0.246381
1688.tif,0.695369,21.9261,0.277683
1689.tif,0.50009,20.2665,0.264176
169.tif,0.561641,20.3763,0.298388
1690.tif,0.705577,24.9281,0.261881
1691.tif,0.521173,22.0752,0.260617
1692.tif,0.480194,19.1192,0.302679
1693.tif,0.49609,18.6947,0.269212
1694.tif,0.610694,19.3555,0.312095
1695.tif,0.593936,23.9719,0.329163
1696.tif,0.577934,17.0154,0.311289
1697.tif,0.47115,22.1875,0.319467
1698.tif,0.64522,20.7334,0.261997
1699.tif,0.568582,20.5014,0.268692
17.tif,0.496841,20.2798,0.27332
170.tif,0.640811,22.1518,0.341168
1700.tif,0.573124,21.4458,0.272728
1701.tif,0.662145,23.6582,0.213216
1702.tif,0.591878,24.8102,0.232654
1703.tif,0.521376,21.5803,0.279143
1704.tif,0.599535,22.6422,0.249146
1705.tif,0.677898,22.1086,0.266257
1706.tif,0.671875,21.9566,0.253014
1707.tif,0.518404,21.3187,0.286345
1708.tif,0.612535,19.0786,0.34071
1709.tif,0.539178,24.5568,0.319302
171.tif,0.504213,20.2306,0.279593
1710.tif,0.547567,16.2949,0.28765
1711.tif,0.513967,18.5992,0.255546
1712.tif,0.610837,22.5196,0.312174
1713.tif,0.609208,21.2631,0.279563
1714.tif,0.516861,21.431,0.267122
1715.tif,0.478749,20.2203,0.271575
1716.tif,0.511466,22.372,0.289487
1717.tif,0.480642,19.3621,0.30318
1718.tif,0.552981,17.3693,0.2751
1719.tif,0.514708,19.8239,0.286876
172.tif,0.526695,18.1545,0.272528
1720.tif,0.534694,21.9904,0.282978
1721.tif,0.529551,20.1896,0.311016
1722.tif,0.555157,21.7607,0.274057
1723.tif,0.631545,22.1312,0.272558
1724.tif,0.595144,20.3143,0.30926
1725.tif,0.549301,20.5135,0.279716
1726.tif,0.457413,18.5698,0.307262
1727.tif,0.642325,22.1026,0.321562
1728.tif,0.481152,22.1414,0.360905
1729.tif,0.60633,21.4244,0.271097
173.tif,0.615615,16.686,0.381577
1730.tif,0.603656,19.6494,0.265052
1731.tif,0.538695,17.5247,0.326868
1732.tif,0.51496,18.1013,0.284967
1733.tif,0.53114,21.3051,0.28942
1734.tif,0.501121,17.1909,0.292828
1735.tif,0.655616,22.0811,0.235574
1736.tif,0.49633,21.1745,0.242058
1737.tif,0.613359,17.4842,0.275855
1738.tif,0.582404,20.9606,0.326722
1739.tif,0.511994,21.9414,0.342897
174.tif,0.729357,23.754,0.324764
1740.tif,0.556901,20.7732,0.216301
1741.tif,0.574899,21.0516,0.262276
1742.tif,0.583111,19.7714,0.250438
1743.tif,0.55601,21.6548,0.29844
1744.tif,0.509767,21.1312,0.239301
1745.tif,0.598098,23.3893,0.341136
1746.tif,0.58523,18.1763,0.324232
1747.tif,0.714657,22.7576,0.245581
1748.tif,0.615665,22.7566,0.284598
1749.tif,0.495792,21.8311,0.299564
175.tif,0.645783,23.2112,0.253099
1750.tif,0.6538,19.712,0.277403
1751.tif,0.518184,20.906,0.349844
1752.tif,0.593203,18.8656,0.275162
1753.tif,0.486477,18.2037,0.331423
1754.tif,0.497744,16.8049,0.309945
1755.tif,0.452066,18.8282,0.320983
1756.tif,0.645053,24.5926,0.279634
1757.tif,0.598407,21.4252,0.286552
1758.tif,0.688905,18.7077,0.439188
1759.tif,0.53384,24.4434,0.254156
176.tif,0.780812,21.1397,0.352393
1760.tif,0.460592,19.6824,0.375905
1761.tif,0.477041,18.5918,0.302701
1762.tif,0.537295,13.3587,0.400894
1763.tif,0.485813,20.5061,0.251994
1764.tif,0.609745,21.0664,0.356497
1765.tif,0.530717,13.9257,0.317843
1766.tif,0.592817,19.4,0.286167
1767.tif,0.499684,21.4919,0.328932
1768.tif,0.584831,18.1767,0.308949
1769.tif,0.627487,22.9597,0.259948
177.tif,0.609125,19.2922,0.266442
1770.tif,0.609694,22.0989,0.279315
1771.tif,0.458954,20.1813,0.247496
1772.tif,0.616603,20.7109,0.267003
1773.tif,0.521676,20.8325,0.273549
1774.tif,0.536594,22.1228,0.27539
1775.tif,0.560327,21.3778,0.270451
1776.tif,0.525047,19.8828,0.316444
1777.tif,0.585911,22.0399,0.301087
1778.tif,0.595815,21.2623,0.262502
1779.tif,0.451664,18.5078,0.360213
178.tif,0.627728,20.4893,0.255966
1780.tif,0.601093,19.2664,0.298619
1781.tif,0.595032,22.7459,0.266031
1782.tif,0.518335,13.08,0.322664
1783.tif,0.756577,21.8682,0.357305
1784.tif,0.536599,18.9146,0.273775
1785.tif,0.630387,23.8762,0.321244
1786.tif,0.653697,21.8878,0.271489
1787.tif,0.616944,20.9162,0.261369
1788.tif,0.647373,24.7583,0.263567
1789.tif,0.55433,18.8145,0.316548
179.tif,0.563985,20.607,0.251806
1790.tif,0.583895,19.5223,0.301786
1791.tif,0.563539,18.441,0.282037
1792.tif,0.655326,21.4593,0.275387
1793.tif,0.449457,19.2364,0.341638
1794.tif,0.539164,20.5639,0.262762
1795.tif,0.640242,22.0049,0.288925
1796.tif,0.504622,19.5109,0.275008
1797.tif,0.633136,21.8101,0.287434
1798.tif,0.700532,22.5645,0.286929
1799.tif,0.626458,22.6392,0.28315
18.tif,0.598826,22.1296,0.266986
180.tif,0.512677,21.2028,0.321043
1800.tif,0.686633,21.4217,0.226211
1801.tif,0.539464,18.1247,0.332578
1802.tif,0.610893,22.5825,0.27909
1803.tif,0.60705,22.4991,0.288838
1804.tif,0.482238,22.7155,0.335474
1805.tif,0.531859,20.955,0.285186
1806.tif,0.588492,21.4,0.265279
1807.tif,0.550945,21.26,0.298588
1808.tif,0.675449,24.8156,0.305722
1809.tif,0.533043,21.6746,0.250805
181.tif,0.540493,21.8698,0.312985
1810.tif,0.591456,23.06,0.302613
1811.tif,0.527941,22.4996,0.304377
1812.tif,0.604595,21.6829,0.271345
1813.tif,0.537068,20.3106,0.272473
1814.tif,0.734031,23.5604,0.290692
1815.tif,0.576954,21.1411,0.256813
1816.tif,0.633833,24.2763,0.227818
1817.tif,0.60727,22.2674,0.262449
1818.tif,0.501835,21.0101,0.302698
1819.tif,0.471833,19.5998,0.305751
182.tif,0.568796,20.4262,0.245622
1820.tif,0.551894,21.8261,0.266966
1821.tif,0.53838,21.7646,0.279631
1822.tif,0.550766,22.6911,0.292017
1823.tif,0.521983,17.3497,0.277052
1824.tif,0.581489,21.3205,0.289934
1825.tif,0.646563,21.277,0.247676
1826.tif,0.693898,21.6968,0.247301
1827.tif,0.572916,22.598,0.299708
1828.tif,0.59087,22.1246,0.318317
1829.tif,0.579479,20.9624,0.296158
183.tif,0.543969,22.0029,0.227861
1830.tif,0.656095,22.257,0.273773
1831.tif,0.613859,24.5234,0.231945
1832.tif,0.693996,20.4264,0.254625
1833.tif,0.47479,17.3719,0.313578
1834.tif,0.536406,20.3016,0.323663
1835.tif,0.519515,20.4025,0.294048
1836.tif,0.568877,23.7729,0.245263
1837.tif,0.627587,23.9308,0.240883
1838.tif,0.528008,19.6712,0.361946
1839.tif,0.611768,20.6158,0.342821
184.tif,0.590425,20.1599,0.28529
1840.tif,0.552793,18.8954,0.299453
1841.tif,0.609381,15.6462,0.291298
1842.tif,0.598149,21.6473,0.270799
1843.tif,0.681336,22.7546,0.238527
1844.tif,0.624438,21.9683,0.258454
1845.tif,0.615843,22.6663,0.281594
1846.tif,0.611841,21.278,0.252639
1847.tif,0.554468,20.9028,0.315823
1848.tif,0.663746,20.6833,0.26608
1849.tif,0.545385,23.2464,0.31702
185.tif,0.498199,18.8643,0.273524
1850.tif,0.70255,20.1873,0.291741
1851.tif,0.651829,22.5383,0.283628
1852.tif,0.544142,20.298,0.34749
1853.tif,0.600422,17.9057,0.281913
1854.tif,0.548442,18.57,0.300578
1855.tif,0.4984,20.4093,0.301236
1856.tif,0.53302,16.7037,0.301042
1857.tif,0.605418,20.5648,0.293432
1858.tif,0.690347,22.3678,0.201167
1859.tif,0.534509,20.2339,0.267508
186.tif,0.563446,20.9197,0.28532
1860.tif,0.642529,21.1977,0.32492
1861.tif,0.55585,17.088,0.337565
1862.tif,0.517695,18.0584,0.283215
1863.tif,0.567588,23.7195,0.319683
1864.tif,0.553773,20.4062,0.29391
1865.tif,0.490762,17.0678,0.308171
1866.tif,0.583155,22.9464,0.268204
1867.tif,0.588652,22.3309,0.318621
1868.tif,0.592755,22.9171,0.260401
1869.tif,0.49689,19.9959,0.291839
187.tif,0.555536,20.8877,0.301021
1870.tif,0.561213,23.8217,0.365487
1871.tif,0.615037,21.6903,0.272941
1872.tif,0.467595,20.415,0.32566
1873.tif,0.558403,19.2753,0.2675
1874.tif,0.662592,23.7738,0.264499
1875.tif,0.658288,22.9848,0.359456
1876.tif,0.530821,19.5196,0.272042
1877.tif,0.554682,20.7299,0.276645
1878.tif,0.468044,20.6397,0.313888
1879.tif,0.604334,20.6629,0.259224
188.tif,0.578372,19.8512,0.289029
1880.tif,0.502284,20.0854,0.324562
1881.tif,0.492856,21.961,0.324787
1882.tif,0.583868,22.9825,0.263347
1883.tif,0.552567,20.6492,0.246137
1884.tif,0.644397,21.5595,0.247476
1885.tif,0.666067,21.8664,0.270958
1886.tif,0.616197,21.5186,0.266495
1887.tif,0.555572,21.5045,0.217712
1888.tif,0.680063,21.5806,0.241345
1889.tif,0.602531,21.4609,0.244703
189.tif,0.485171,20.4571,0.287973
1890.tif,0.641254,22.4878,0.252302
1891.tif,0.525067,17.6463,0.311303
1892.tif,0.5712,20.7125,0.325584
1893.tif,0.701084,24.2957,0.240691
1894.tif,0.600409,21.6551,0.303116
1895.tif,0.521305,21.7326,0.252512
1896.tif,0.635134,21.2469,0.249951
1897.tif,0.572117,19.673,0.262729
1898.tif,0.636963,22.6336,0.224885
1899.tif,0.702372,21.1145,0.248827
19.tif,0.542941,21.3778,0.354948
190.tif,0.507588,18.4454,0.306318
1900.tif,0.538775,21.7144,0.242389
1901.tif,0.484009,19.4312,0.229035
1902.tif,0.639197,20.8958,0.30411
1903.tif,0.535024,20.6141,0.271017
1904.tif,0.63573,25.0895,0.270196
1905.tif,0.56094,21.759,0.257854
1906.tif,0.557051,23.7039,0.270703
1907.tif,0.533357,21.3629,0.258099
1908.tif,0.635048,22.3484,0.227272
1909.tif,0.71001,24.9785,0.21911
191.tif,0.527531,19.7528,0.293137
1910.tif,0.519176,22.2988,0.258431
1911.tif,0.51705,19.6369,0.250444
1912.tif,0.59875,22.5003,0.287319
1913.tif,0.654373,21.1318,0.251618
1914.tif,0.639408,22.6074,0.253816
1915.tif,0.666229,22.3291,0.275175
1916.tif,0.544106,22.1682,0.264691
1917.tif,0.749585,24.2676,0.217601
1918.tif,0.588174,19.708,0.246363
1919.tif,0.622277,22.573,0.305069
192.tif,0.5429,17.5282,0.310696
1920.tif,0.49431,21.6764,0.259753
1921.tif,0.594862,22.9811,0.226763
1922.tif,0.58209,21.3254,0.264985
1923.tif,0.68661,22.1895,0.254644
1924.tif,0.597256,23.1483,0.259805
1925.tif,0.559132,22.2056,0.272604
1926.tif,0.657318,23.1536,0.261458
1927.tif,0.660508,24.6511,0.241744
1928.tif,0.69907,22.7558,0.246217
1929.tif,0.648517,21.2522,0.239416
193.tif,0.42496,19.824,0.313075
1930.tif,0.579474,20.7844,0.296082
1931.tif,0.55357,21.4404,0.229665
1932.tif,0.555709,21.2554,0.257515
1933.tif,0.514866,21.6818,0.310063
1934.tif,0.646639,22.4504,0.268001
1935.tif,0.473028,20.937,0.260579
1936.tif,0.714433,22.8186,0.223785
1937.tif,0.542635,22.6416,0.269679
1938.tif,0.617381,23.1389,0.246623
1939.tif,0.619149,20.7108,0.301694
194.tif,0.6495,22.4265,0.290407
1940.tif,0.482617,19.6851,0.32082
1941.tif,0.622343,21.8286,0.229866
1942.tif,0.629017,24.7233,0.268832
1943.tif,0.566422,21.6423,0.263232
1944.tif,0.74917,23.5708,0.297529
1945.tif,0.618836,19.9358,0.294702
1946.tif,0.638848,22.0198,0.253632
1947.tif,0.687162,22.62,0.262309
1948.tif,0.518683,19.0667,0.28072
1949.tif,0.622728,19.9757,0.262969
195.tif,0.530758,21.1451,0.278149
1950.tif,0.559897,23.0765,0.256773
1951.tif,0.592558,20.8383,0.276834
1952.tif,0.514728,20.4201,0.238228
1953.tif,0.628711,22.2407,0.265372
1954.tif,0.583836,22.5156,0.252775
1955.tif,0.607591,23.6363,0.256143
1956.tif,0.532193,20.7096,0.236268
1957.tif,0.544383,19.8409,0.310887
1958.tif,0.561512,21.5869,0.313537
1959.tif,0.519368,18.4814,0.328184
196.tif,0.501894,21.4008,0.28029
1960.tif,0.613884,23.8126,0.336174
1961.tif,0.718985,20.8412,0.264733
1962.tif,0.605389,22.9352,0.261848
1963.tif,0.562963,21.0065,0.365532
1964.tif,0.583759,22.4069,0.301691
1965.tif,0.587103,23.2448,0.217805
1966.tif,0.612027,21.8045,0.333912
1967.tif,0.524445,19.7967,0.298369
1968.tif,0.530854,19.529,0.364165
1969.tif,0.620553,22.2742,0.241468
197.tif,0.395354,19.7852,0.321227
1970.tif,0.54992,22.3541,0.248236
1971.tif,0.482968,19.8397,0.297304
1972.tif,0.816211,21.8939,0.238387
1973.tif,0.539274,21.8316,0.305503
1974.tif,0.527928,23.1506,0.322642
1975.tif,0.533822,21.8084,0.277155
1976.tif,0.800981,22.1531,0.3132
1977.tif,0.586352,22.5421,0.234844
1978.tif,0.463338,18.4997,0.32296
1979.tif,0.648565,22.6304,0.247126
198.tif,0.479892,20.8714,0.314773
1980.tif,0.471847,18.8626,0.340421
1981.tif,0.555938,20.609,0.24463
1982.tif,0.626476,22.2192,0.261211
1983.tif,0.635965,18.7404,0.317031
1984.tif,0.596474,22.9794,0.257943
1985.tif,0.633024,22.7222,0.253716
1986.tif,0.707852,24.4108,0.275854
1987.tif,0.655628,22.9974,0.233746
1988.tif,0.816626,24.4626,0.308104
1989.tif,0.552556,20.722,0.260049
199.tif,0.521172,22.631,0.276789
1990.tif,0.611549,24.2079,0.245712
1991.tif,0.549427,20.6736,0.250077
1992.tif,0.647934,23.4143,0.217405
1993.tif,0.687107,22.8498,0.210989
1994.tif,0.648961,20.9707,0.246095
1995.tif,0.690672,23.1289,0.246645
1996.tif,0.605768,23.0561,0.239312
1997.tif,0.613427,25.0471,0.269951
1998.tif,0.524169,20.3432,0.293651
1999.tif,0.67928,24.1076,0.235141
2.tif,0.634317,23.122,0.336228
20.tif,0.589111,21.414,0.259349
200.tif,0.522997,21.8604,0.238145
2000.tif,0.581522,21.5583,0.390557
2001.tif,0.402902,18.6948,0.344313
2002.tif,0.518071,21.1136,0.230593
2003.tif,0.698858,23.5612,0.265066
2004.tif,0.554716,22.0982,0.272976
2005.tif,0.706569,23.0449,0.242943
2006.tif,0.524574,19.4175,0.249672
2007.tif,0.61992,22.1653,0.249235
2008.tif,0.58167,22.2452,0.237486
2009.tif,0.697973,23.0172,0.275871
201.tif,0.545801,20.1953,0.306122
2010.tif,0.686755,22.1498,0.263843
2011.tif,0.57145,19.9291,0.245492
2012.tif,0.679618,24.4531,0.204621
2013.tif,0.655917,23.3897,0.274218
2014.tif,0.724217,22.9373,0.261549
2015.tif,0.609939,24.1738,0.238453
2016.tif,0.529974,22.6072,0.244808
2017.tif,0.522873,19.5478,0.315215
2018.tif,0.72562,24.7154,0.244464
2019.tif,0.607423,21.819,0.250773
202.tif,0.539915,20.1313,0.292657
2020.tif,0.507871,17.7891,0.321661
2021.tif,0.53953,22.5369,0.240313
2022.tif,0.530758,21.3853,0.294547
2023.tif,0.598931,22.274,0.253818
2024.tif,0.477986,17.7573,0.26654
2025.tif,0.664757,24.6608,0.215916
2026.tif,0.609154,20.0155,0.348631
2027.tif,0.604627,20.3628,0.300439
2028.tif,0.619607,20.2568,0.258148
2029.tif,0.613388,22.9791,0.259694
203.tif,0.599863,21.0464,0.284619
2030.tif,0.681319,21.5261,0.213123
2031.tif,0.536326,17.6806,0.408939
2032.tif,0.643622,21.9458,0.264589
2033.tif,0.657089,21.3237,0.277689
2034.tif,0.618868,23.4528,0.238111
2035.tif,0.62816,23.0958,0.248324
2036.tif,0.599586,22.714,0.288636
2037.tif,0.619324,20.7303,0.259526
2038.tif,0.558254,22.545,0.250979
2039.tif,0.666831,24.7709,0.261954
204.tif,0.431502,17.6345,0.35781
2040.tif,0.522742,20.1109,0.261283
2041.tif,0.744509,25.0327,0.191985
2042.tif,0.458538,18.7348,0.309489
2043.tif,0.61995,20.6923,0.246833
2044.tif,0.627909,19.7262,0.238251
2045.tif,0.69698,23.2166,0.210331
2046.tif,0.549495,21.9521,0.234982
2047.tif,0.626355,22.5348,0.256549
2048.tif,0.533618,19.9292,0.300702
2049.tif,0.453893,20.4497,0.259907
205.tif,0.569822,21.1122,0.308794
2050.tif,0.602269,21.2099,0.244913
2051.tif,0.53109,16.5481,0.301611
2052.tif,0.555008,20.5996,0.249709
2053.tif,0.67315,21.939,0.289988
2054.tif,0.597754,22.3354,0.227587
2055.tif,0.541932,21.4773,0.283662
2056.tif,0.550053,20.9438,0.268279
2057.tif,0.691887,23.8493,0.25508
2058.tif,0.672915,24.5643,0.275963
2059.tif,0.523644,18.673,0.269155
206.tif,0.667616,21.3549,0.288579
2060.tif,0.632452,24.6135,0.227923
2061.tif,0.623794,20.9387,0.29458
2062.tif,0.706082,23.6119,0.206742
2063.tif,0.565951,23.5462,0.272734
2064.tif,0.530407,21.1762,0.247024
2065.tif,0.714973,24.4304,0.211282
2066.tif,0.678024,21.8027,0.250465
2067.tif,0.54742,21.4918,0.319407
2068.tif,0.672842,19.83,0.313054
2069.tif,0.535437,18.0144,0.324593
207.tif,0.528637,20.2285,0.325785
2070.tif,0.614192,22.2345,0.245937
2071.tif,0.625868,20.0587,0.246895
2072.tif,0.590513,23.4802,0.278015
2073.tif,0.641841,22.9432,0.235733
2074.tif,0.494575,21.7319,0.279663
2075.tif,0.487101,21.4654,0.246517
2076.tif,0.653492,20.9697,0.268831
2077.tif,0.717206,24.3247,0.245567
2078.tif,0.569514,18.3027,0.349777
2079.tif,0.686996,22.5229,0.259524
208.tif,0.535785,20.0589,0.277616
2080.tif,0.603855,22.5676,0.221789
2081.tif,0.609394,23.2984,0.242044
2082.tif,0.646298,23.9771,0.224805
2083.tif,0.617357,23.66,0.226033
2084.tif,0.522973,21.9271,0.274251
2085.tif,0.591142,22.252,0.243487
2086.tif,0.713191,24.5146,0.253723
2087.tif,0.534834,20.9321,0.251775
2088.tif,0.557469,20.3368,0.331053
2089.tif,0.541297,21.2743,0.246433
209.tif,0.484174,20.0359,0.263798
2090.tif,0.577435,20.9168,0.258792
2091.tif,0.628058,24.2026,0.219249
2092.tif,0.67517,21.529,0.258184
2093.tif,0.551695,21.9248,0.22221
2094.tif,0.625232,22.7044,0.234237
2095.tif,0.568439,21.7853,0.309509
2096.tif,0.611838,21.3406,0.251781
2097.tif,0.542204,18.3122,0.2698
2098.tif,0.538558,20.04,0.259429
2099.tif,0.579908,21.8054,0.326849
21.tif,0.676141,23.4686,0.264182
210.tif,0.497969,21.0286,0.292591
2100.tif,0.657154,23.3969,0.25401
2101.tif,0.622111,24.1686,0.243588
2102.tif,0.551354,21.7395,0.249442
2103.tif,0.605698,22.6988,0.2492
2104.tif,0.751801,25.7514,0.194115
2105.tif,0.50777,21.3876,0.317258
2106.tif,0.731484,22.8643,0.22524
2107.tif,0.550376,20.6741,0.261786
2108.tif,0.636559,22.7845,0.237505
2109.tif,0.716029,19.6186,0.290171
211.tif,0.472939,18.483,0.298383
2110.tif,0.607732,20.4227,0.241253
2111.tif,0.69012,22.9412,0.212637
2112.tif,0.455223,20.9336,0.277037
2113.tif,0.555673,22.4533,0.215536
2114.tif,0.664408,22.2087,0.245822
2115.tif,0.507772,21.4625,0.266302
2116.tif,0.611879,23.2871,0.222138
2117.tif,0.53118,20.8908,0.234533
2118.tif,0.644403,23.8413,0.229254
2119.tif,0.52311,20.1128,0.268702
212.tif,0.570971,20.4896,0.297073
2120.tif,0.601516,21.988,0.252226
2121.tif,0.680159,23.6507,0.237462
2122.tif,0.639534,20.6365,0.216756
2123.tif,0.655332,24.0523,0.249204
2124.tif,0.649257,22.1063,0.247924
2125.tif,0.785737,23.1361,0.213201
2126.tif,0.622386,18.27,0.254149
2127.tif,0.632266,19.3719,0.322902
2128.tif,0.54816,22.5477,0.242617
2129.tif,0.506468,21.712,0.263317
213.tif,0.489098,20.6509,0.295045
2130.tif,0.574375,22.4586,0.250152
2131.tif,0.735582,22.4777,0.219177
2132.tif,0.6491,22.0883,0.214676
2133.tif,0.520488,22.1571,0.233905
2134.tif,0.497727,19.8819,0.266394
2135.tif,0.717642,23.4992,0.229223
2136.tif,0.676666,22.9164,0.223245
2137.tif,0.564726,22.9394,0.230434
2138.tif,0.438581,20.1695,0.263394
2139.tif,0.669748,23.7741,0.239242
214.tif,0.719361,24.4415,0.292065
2140.tif,0.490246,20.4381,0.299229
2141.tif,0.645773,18.6233,0.348528
2142.tif,0.670285,22.8891,0.186228
2143.tif,0.588003,22.3317,0.24486
2144.tif,0.644943,18.353,0.304711
2145.tif,0.601187,20.4274,0.257252
2146.tif,0.569416,24.1108,0.237821
2147.tif,0.640634,21.5732,0.268293
2148.tif,0.625094,20.6834,0.24229
2149.tif,0.604014,20.6476,0.301745
215.tif,0.554753,20.5834,0.257594
2150.tif,0.684779,20.5393,0.318705
2151.tif,0.566502,20.5515,0.305173
2152.tif,0.670394,22.2343,0.264886
2153.tif,0.605676,23.6018,0.230159
2154.tif,0.723564,20.8821,0.268618
2155.tif,0.599839,23.0435,0.236232
2156.tif,0.571821,21.9928,0.258604
2157.tif,0.577835,21.1178,0.292154
2158.tif,0.695803,21.7925,0.231785
2159.tif,0.59703,20.7609,0.271782
216.tif,0.513326,21.2991,0.273124
2160.tif,0.704076,23.0484,0.242909
2161.tif,0.670091,22.7254,0.223212
2162.tif,0.546735,22.699,0.26354
2163.tif,0.621106,16.2634,0.326751
2164.tif,0.501975,21.6645,0.323178
2165.tif,0.501032,18.4824,0.329941
2166.tif,0.597488,18.4658,0.301615
2167.tif,0.642311,23.7759,0.244265
2168.tif,0.508446,21.8966,0.271906
2169.tif,0.513523,21.6694,0.244421
217.tif,0.533187,20.7534,0.290473
2170.tif,0.532703,16.9999,0.340021
2171.tif,0.601258,22.6393,0.263966
2172.tif,0.633171,21.873,0.245781
2173.tif,0.542301,22.1394,0.228025
2174.tif,0.561308,22.4053,0.293396
2175.tif,0.336968,18.4154,0.452917
2176.tif,0.552775,18.254,0.294111
2177.tif,0.615968,22.3126,0.206304
2178.tif,0.650746,23.0872,0.228273
2179.tif,0.679713,23.9697,0.233701
218.tif,0.472041,20.1031,0.279735
2180.tif,0.580551,21.7681,0.270567
2181.tif,0.766112,26.3496,0.243979
2182.tif,0.649618,23.3528,0.221793
2183.tif,0.493799,19.4015,0.272632
2184.tif,0.598782,23.1428,0.251773
2185.tif,0.613306,21.9961,0.263629
2186.tif,0.560916,22.346,0.279266
2187.tif,0.717384,24.7332,0.267537
2188.tif,0.645014,23.5145,0.217995
2189.tif,0.517905,21.2112,0.231603
219.tif,0.557685,22.2,0.2843
2190.tif,0.637338,23.1496,0.260335
2191.tif,0.643354,23.7471,0.239604
2192.tif,0.724961,25.1795,0.170415
2193.tif,0.576344,21.6202,0.312555
2194.tif,0.599466,22.3564,0.238471
2195.tif,0.559508,20.7176,0.293032
2196.tif,0.610976,22.7763,0.213713
2197.tif,0.535223,21.8581,0.261708
2198.tif,0.620451,23.8877,0.273324
2199.tif,0.670406,24.5499,0.213026
22.tif,0.511404,19.8098,0.264874
220.tif,0.552067,21.963,0.34166
2200.tif,0.68348,23.2753,0.222133
2201.tif,0.506998,21.9658,0.287139
2202.tif,0.613632,22.0119,0.235712
2203.tif,0.672491,24.0451,0.20712
2204.tif,0.65289,23.2767,0.295465
2205.tif,0.544685,22.9195,0.251275
2206.tif,0.649101,24.1095,0.239835
2207.tif,0.594165,22.3354,0.238439
2208.tif,0.596942,22.038,0.238716
2209.tif,0.397959,20.0189,0.459268
221.tif,0.50794,20.8602,0.253184
2210.tif,0.65834,22.1812,0.366069
2211.tif,0.506345,22.1856,0.28643
2212.tif,0.635918,23.5113,0.22701
2213.tif,0.663113,24.0338,0.238394
2214.tif,0.614378,23.5062,0.237577
2215.tif,0.655414,24.019,0.267751
2216.tif,0.66359,21.585,0.247216
2217.tif,0.630322,22.3379,0.244714
2218.tif,0.563341,20.4921,0.23307
2219.tif,0.488194,20.1614,0.280252
222.tif,0.467329,20.2879,0.276264
2220.tif,0.595628,20.2614,0.251717
2221.tif,0.550009,21.8751,0.263302
2222.tif,0.508055,22.1079,0.420122
2223.tif,0.772053,25.3513,0.237291
2224.tif,0.610639,23.0889,0.236786
2225.tif,0.558321,22.2653,0.237159
2226.tif,0.62208,23.2992,0.246613
2227.tif,0.592829,21.7545,0.261623
2228.tif,0.572314,22.7481,0.222236
2229.tif,0.64645,23.4514,0.284873
223.tif,0.427514,19.2106,0.292309
2230.tif,0.572364,22.7693,0.225923
2231.tif,0.564249,21.8054,0.330607
2232.tif,0.668983,23.9792,0.212366
2233.tif,0.559655,22.6372,0.268051
2234.tif,0.662941,22.1779,0.24735
2235.tif,0.614361,23.9731,0.258099
2236.tif,0.571717,21.9025,0.22712
2237.tif,0.51536,17.3464,0.290411
2238.tif,0.636995,24.1201,0.264358
2239.tif,0.685769,22.8594,0.224401
224.tif,0.465556,18.593,0.301982
2240.tif,0.561832,22.2402,0.25377
2241.tif,0.601904,22.3327,0.239027
2242.tif,0.640042,24.2616,0.30974
2243.tif,0.554216,20.9054,0.244689
2244.tif,0.604061,22.2645,0.268448
2245.tif,0.476062,21.9636,0.289061
2246.tif,0.58394,22.5747,0.275384
2247.tif,0.696714,21.7879,0.241381
2248.tif,0.672518,23.0512,0.21617
2249.tif,0.559972,21.2711,0.285251
225.tif,0.490628,20.5339,0.282645
2250.tif,0.516309,19.9895,0.276722
2251.tif,0.665695,23.0739,0.242921
2252.tif,0.545155,21.9127,0.245791
2253.tif,0.681919,24.2721,0.232441
2254.tif,0.606313,22.8742,0.27818
2255.tif,0.682427,23.4213,0.229347
2256.tif,0.618548,18.4027,0.284728
2257.tif,0.608187,21.4851,0.267502
2258.tif,0.675513,23.9332,0.220948
2259.tif,0.68492,23.5639,0.343093
226.tif,0.552079,20.839,0.259003
2260.tif,0.577133,20.5782,0.232125
2261.tif,0.596468,22.2968,0.287319
2262.tif,0.695047,23.5473,0.187005
2263.tif,0.697968,23.88,0.210506
2264.tif,0.688484,23.9552,0.240707
2265.tif,0.673038,23.9685,0.226863
2266.tif,0.652787,23.2132,0.201815
2267.tif,0.578286,20.9363,0.296364
2268.tif,0.663711,22.3063,0.231338
2269.tif,0.566325,21.4068,0.270033
227.tif,0.498409,20.0703,0.269411
2270.tif,0.565393,21.9805,0.246731
2271.tif,0.602317,23.6291,0.30965
2272.tif,0.637934,22.4329,0.297783
2273.tif,0.513887,20.7828,0.301993
2274.tif,0.551241,22.7533,0.288677
2275.tif,0.610249,21.7793,0.258032
2276.tif,0.636869,23.5362,0.249446
2277.tif,0.670514,23.3302,0.210961
2278.tif,0.63731,23.413,0.220899
2279.tif,0.682875,22.5226,0.278691
228.tif,0.549937,21.8317,0.299543
2280.tif,0.669474,23.9047,0.233613
2281.tif,0.655933,24.2063,0.206664
2282.tif,0.640701,23.5497,0.226902
2283.tif,0.634514,24.0693,0.283524
2284.tif,0.633869,23.5815,0.232126
2285.tif,0.578366,21.6459,0.246042
2286.tif,0.630862,21.7284,0.306606
2287.tif,0.682441,23.1995,0.191264
2288.tif,0.564466,21.6955,0.241952
2289.tif,0.595476,21.2068,0.246808
229.tif,0.490384,18.9898,0.360604
2290.tif,0.690914,23.4946,0.201136
2291.tif,0.627833,22.7384,0.242007
2292.tif,0.526398,22.2969,0.309701
2293.tif,0.598312,21.536,0.321594
2294.tif,0.610235,21.1659,0.239028
2295.tif,0.584164,21.8313,0.261227
2296.tif,0.704817,22.7696,0.186482
2297.tif,0.540172,21.9937,0.240711
2298.tif,0.516032,21.6023,0.244288
2299.tif,0.718115,24.1694,0.226607
23.tif,0.7446,22.5814,0.289432
230.tif,0.581796,19.4794,0.323373
2300.tif,0.588019,18.6432,0.278846
2301.tif,0.473106,19.8152,0.266387
2302.tif,0.73416,22.3214,0.20669
2303.tif,0.707116,23.0114,0.222692
2304.tif,0.640076,22.9448,0.250967
2305.tif,0.551839,20.052,0.308196
2306.tif,0.629454,22.5761,0.332028
2307.tif,0.537788,19.3725,0.282374
2308.tif,0.527404,20.9008,0.307178
2309.tif,0.581188,23.0525,0.262924
231.tif,0.448432,19.9363,0.26844
2310.tif,0.56851,22.0808,0.266183
2311.tif,0.586441,21.3602,0.266427
2312.tif,0.690797,23.7101,0.218513
2313.tif,0.611527,22.7516,0.245171
2314.tif,0.71071,22.9994,0.307653
2315.tif,0.588732,22.3918,0.237908
2316.tif,0.686756,19.6104,0.283507
2317.tif,0.638889,22.8991,0.254924
2318.tif,0.75099,25.2024,0.260505
2319.tif,0.680723,22.9994,0.229419
232.tif,0.484419,19.8459,0.287533
2320.tif,0.617425,23.5569,0.234021
2321.tif,0.544376,21.0269,0.281673
2322.tif,0.565576,20.7101,0.270019
2323.tif,0.504486,21.8124,0.259355
2324.tif,0.736569,25.6253,0.225756
2325.tif,0.655994,24.5616,0.209519
2326.tif,0.685761,25.0602,0.233097
2327.tif,0.556661,22.9053,0.246157
2328.tif,0.479425,18.8667,0.318106
2329.tif,0.622137,21.8211,0.232312
233.tif,0.540387,21.1442,0.283232
2330.tif,0.489575,21.7525,0.259763
2331.tif,0.592283,22.0943,0.23963
2332.tif,0.576333,20.845,0.285874
2333.tif,0.503137,21.5769,0.279018
2334.tif,0.700474,24.7491,0.231088
2335.tif,0.556427,23.1187,0.263217
2336.tif,0.533902,22.5007,0.242691
2337.tif,0.577587,23.0835,0.251429
2338.tif,0.484693,19.3653,0.279652
2339.tif,0.666263,21.5435,0.191445
234.tif,0.442226,19.7585,0.283098
2340.tif,0.651389,24.6453,0.269437
2341.tif,0.730009,25.6249,0.270556
2342.tif,0.592041,21.8705,0.256588
2343.tif,0.687728,24.4942,0.215008
2344.tif,0.562769,22.6716,0.260099
2345.tif,0.668298,22.9392,0.240657
2346.tif,0.504893,21.214,0.279443
2347.tif,0.543124,20.1371,0.296918
2348.tif,0.651012,23.5889,0.209455
2349.tif,0.615975,22.8399,0.254566
235.tif,0.502036,20.3806,0.269328
2350.tif,0.661239,23.1233,0.261424
2351.tif,0.547529,21.7365,0.251187
2352.tif,0.674224,22.8471,0.195169
2353.tif,0.557155,21.5813,0.258273
2354.tif,0.556166,22.1905,0.240567
2355.tif,0.575507,22.5285,0.233864
2356.tif,0.58279,21.9424,0.286388
2357.tif,0.598168,21.4822,0.276708
2358.tif,0.730141,24.5155,0.231494
2359.tif,0.572589,21.409,0.249633
236.tif,0.595733,21.6815,0.268093
2360.tif,0.537921,22.6807,0.269624
2361.tif,0.534466,20.9546,0.272108
2362.tif,0.577146,20.6521,0.232379
2363.tif,0.654407,23.9207,0.246851
2364.tif,0.687699,24.1017,0.238348
2365.tif,0.672106,23.5336,0.246578
2366.tif,0.542874,20.1974,0.29516
2367.tif,0.577881,22.9289,0.318458
2368.tif,0.674846,23.9492,0.274964
2369.tif,0.740495,24.6958,0.214
237.tif,0.528086,21.8965,0.27331
2370.tif,0.587885,23.0364,0.246855
2371.tif,0.578676,22.7568,0.277883
2372.tif,0.610629,24.7243,0.24574
2373.tif,0.568438,20.2945,0.261145
2374.tif,0.544643,22.3528,0.292385
2375.tif,0.565066,21.9088,0.262121
2376.tif,0.552613,20.8832,0.273526
2377.tif,0.664671,24.2094,0.212235
2378.tif,0.563791,21.3843,0.305771
2379.tif,0.551626,21.9023,0.257018
238.tif,0.445434,19.8399,0.272799
2380.tif,0.487328,20.7337,0.263703
2381.tif,0.6935,23.315,0.224916
2382.tif,0.596236,21.287,0.260708
2383.tif,0.510295,21.5392,0.25415
2384.tif,0.629296,23.1026,0.207881
2385.tif,0.654065,23.8353,0.24115
2386.tif,0.714499,24.6793,0.214434
2387.tif,0.606116,22.851,0.216306
2388.tif,0.575857,21.8559,0.268688
2389.tif,0.594041,21.8035,0.255804
239.tif,0.48929,20.2985,0.286247
2390.tif,0.563845,23.1316,0.262988
2391.tif,0.67021,23.4741,0.276058
2392.tif,0.522332,19.5193,0.290246
2393.tif,0.518936,22.5622,0.251134
2394.tif,0.72772,24.4503,0.345099
2395.tif,0.617019,23.1497,0.262457
2396.tif,0.57117,21.9321,0.242391
2397.tif,0.658023,21.6883,0.260117
2398.tif,0.642174,21.7423,0.269301
2399.tif,0.488421,18.5709,0.29441
24.tif,0.64581,22.1461,0.257293
240.tif,0.481777,20.0027,0.286332
2400.tif,0.608029,22.2345,0.241705
2401.tif,0.653981,22.1493,0.228452
2402.tif,0.605818,22.8767,0.241002
2403.tif,0.590955,20.5145,0.255897
2404.tif,0.635495,22.5579,0.233658
2405.tif,0.55068,21.3951,0.228515
2406.tif,0.641042,21.0352,0.270616
2407.tif,0.595488,21.7863,0.238309
2408.tif,0.656933,23.7231,0.257519
2409.tif,0.687117,23.9351,0.205191
241.tif,0.77446,24.2773,0.272472
2410.tif,0.657082,23.3095,0.229503
2411.tif,0.679872,24.2173,0.252129
2412.tif,0.631504,23.2169,0.249119
2413.tif,0.605016,22.359,0.291226
2414.tif,0.484127,19.2666,0.325549
2415.tif,0.619412,22.6981,0.236958
2416.tif,0.688299,25.3494,0.238732
2417.tif,0.50128,20.4674,0.278129
2418.tif,0.741799,23.4773,0.231178
2419.tif,0.557405,21.4515,0.238599
242.tif,0.557167,20.7053,0.284902
2420.tif,0.552893,22.4433,0.29795
2421.tif,0.612361,21.3289,0.297032
2422.tif,0.580427,23.385,0.234031
2423.tif,0.678083,24.1316,0.220085
2424.tif,0.549748,22.7425,0.227343
2425.tif,0.489331,20.9796,0.29272
2426.tif,0.616997,23.5734,0.226915
2427.tif,0.611056,22.2022,0.281772
2428.tif,0.618843,24.964,0.257945
2429.tif,0.477707,20.8072,0.243842
243.tif,0.799669,23.7921,0.209423
2430.tif,0.532719,21.2092,0.258711
2431.tif,0.579801,22.2008,0.238742
2432.tif,0.68985,23.8349,0.22716
2433.tif,0.678902,24.7892,0.229872
2434.tif,0.550453,22.8953,0.260796
2435.tif,0.667142,23.8402,0.256292
2436.tif,0.600803,22.148,0.304899
2437.tif,0.596453,22.4265,0.261229
2438.tif,0.562386,22.4982,0.276612
2439.tif,0.539549,21.2575,0.241744
244.tif,0.506736,20.0847,0.254168
2440.tif,0.691032,23.8554,0.206183
2441.tif,0.572352,21.9989,0.227956
2442.tif,0.522765,23.1969,0.280766
2443.tif,0.78844,24.4818,0.26496
2444.tif,0.492164,20.522,0.270765
2445.tif,0.540214,22.3734,0.255924
2446.tif,0.582339,21.648,0.266384
2447.tif,0.714813,25.1548,0.22736
2448.tif,0.552886,21.5886,0.284061
2449.tif,0.632331,21.2478,0.219225
245.tif,0.610815,21.8134,0.243817
2450.tif,0.535465,21.9086,0.240581
2451.tif,0.521623,20.833,0.25312
2452.tif,0.659748,23.4651,0.241641
2453.tif,0.66074,24.1024,0.225144
2454.tif,0.670171,24.2273,0.228888
2455.tif,0.499913,19.3628,0.276428
2456.tif,0.6718,24.3502,0.269965
2457.tif,0.540365,21.1429,0.261029
2458.tif,0.708354,24.507,0.238124
2459.tif,0.585648,22.31,0.271908
246.tif,0.57809,20.9444,0.284191
2460.tif,0.640516,24.3879,0.233486
2461.tif,0.543311,22.0334,0.254483
2462.tif,0.666999,24.124,0.257798
2463.tif,0.680345,22.2107,0.246204
2464.tif,0.661204,21.749,0.241076
2465.tif,0.681435,21.5576,0.264088
2466.tif,0.578156,23.0039,0.236722
2467.tif,0.618403,21.0575,0.262501
2468.tif,0.537016,20.2913,0.231456
2469.tif,0.631802,24.1039,0.275651
247.tif,0.474531,19.5235,0.280446
2470.tif,0.78981,23.9728,0.18699
2471.tif,0.703376,22.303,0.23513
2472.tif,0.655177,24.1961,0.250455
2473.tif,0.744258,24.8057,0.220339
2474.tif,0.444989,17.7029,0.338183
2475.tif,0.528666,21.5061,0.235819
2476.tif,0.50556,20.8733,0.289282
2477.tif,0.648991,23.7315,0.253851
2478.tif,0.654687,23.2334,0.218794
2479.tif,0.578424,21.3176,0.254888
248.tif,0.506043,20.1477,0.348285
2480.tif,0.56038,21.78,0.235162
2481.tif,0.655217,23.2879,0.249615
2482.tif,0.601208,21.68,0.259103
2483.tif,0.538068,21.6903,0.265898
2484.tif,0.657858,23.3667,0.219632
2485.tif,0.610253,19.9023,0.263909
2486.tif,0.592758,22.0978,0.230552
2487.tif,0.481532,21.9032,0.29704
2488.tif,0.605059,22.8024,0.233765
2489.tif,0.629313,23.2028,0.266069
249.tif,0.390438,19.9318,0.355202
2490.tif,0.565145,22.1573,0.255505
2491.tif,0.655477,23.576,0.250056
2492.tif,0.548243,18.6668,0.270513
2493.tif,0.65788,24.8361,0.269841
2494.tif,0.739993,21.787,0.243939
2495.tif,0.642867,22.5947,0.256672
2496.tif,0.590464,21.7163,0.265282
2497.tif,0.568817,21.3217,0.254999
2498.tif,0.650902,21.8399,0.246502
2499.tif,0.666019,23.329,0.247241
25.tif,0.56885,19.4194,0.29527
250.tif,0.522791,21.6364,0.282294
2500.tif,0.580892,22.6804,0.254039
2501.tif,0.62984,23.4516,0.230306
2502.tif,0.57176,23.008,0.249723
2503.tif,0.728665,23.9562,0.253268
2504.tif,0.609812,21.7955,0.277904
2505.tif,0.554686,22.5154,0.302583
2506.tif,0.771423,24.4621,0.261318
2507.tif,0.709458,23.7539,0.241817
2508.tif,0.668326,24.3571,0.256906
2509.tif,0.49821,20.6044,0.259265
251.tif,0.548304,21.5028,0.301764
2510.tif,0.594348,22.0809,0.251281
2511.tif,0.671621,22.7236,0.240647
2512.tif,0.539718,21.6062,0.258832
2513.tif,0.573499,21.4757,0.28945
2514.tif,0.651693,21.99,0.230144
2515.tif,0.69673,22.402,0.279173
2516.tif,0.643872,21.175,0.243487
2517.tif,0.632513,20.5618,0.250991
2518.tif,0.486813,20.1528,0.270784
2519.tif,0.574719,21.5716,0.237919
252.tif,0.521803,19.3627,0.281597
2520.tif,0.590854,19.7585,0.273519
2521.tif,0.544318,21.5463,0.253235
2522.tif,0.576296,21.1024,0.249957
2523.tif,0.627045,21.4345,0.265532
2524.tif,0.578656,22.0825,0.320973
2525.tif,0.581946,19.8097,0.238081
2526.tif,0.523844,20.8893,0.270219
2527.tif,0.577281,20.6991,0.242467
2528.tif,0.693172,24.9321,0.23191
2529.tif,0.601554,20.3796,0.252249
253.tif,0.548535,20.928,0.24274
2530.tif,0.699135,23.8136,0.202502
2531.tif,0.689116,24.7303,0.219123
2532.tif,0.496497,21.4264,0.258982
2533.tif,0.475218,19.9647,0.268476
2534.tif,0.640936,23.8419,0.23297
2535.tif,0.465361,17.2206,0.363857
2536.tif,0.62655,21.9618,0.280511
2537.tif,0.526386,21.3042,0.272208
2538.tif,0.592697,21.6951,0.253548
2539.tif,0.711263,24.64,0.23159
254.tif,0.484304,19.5195,0.280284
2540.tif,0.534331,20.1845,0.307752
2541.tif,0.724739,21.6773,0.249601
2542.tif,0.661146,22.4285,0.219153
2543.tif,0.717211,23.2584,0.225958
2544.tif,0.493573,20.5399,0.271937
2545.tif,0.631049,23.0662,0.244845
2546.tif,0.718428,24.4336,0.214574
2547.tif,0.662101,23.978,0.247977
2548.tif,0.627457,24.1255,0.296002
2549.tif,0.592044,22.243,0.283143
255.tif,0.513976,20.0799,0.307967
2550.tif,0.546209,20.8782,0.263218
2551.tif,0.519454,22.3039,0.269648
2552.tif,0.571792,23.0842,0.258698
2553.tif,0.517718,21.1434,0.269821
2554.tif,0.598949,21.9186,0.265549
2555.tif,0.536586,21.8909,0.287068
2556.tif,0.515647,19.532,0.324899
2557.tif,0.466034,19.657,0.278036
2558.tif,0.662668,23.9434,0.224494
2559.tif,0.659313,22.5233,0.208682
256.tif,0.462608,20.4899,0.332206
2560.tif,0.545434,20.2004,0.281
2561.tif,0.768258,26.1857,0.195445
2562.tif,0.683111,24.9655,0.247122
2563.tif,0.647243,23.6711,0.21498
2564.tif,0.675189,23.2458,0.253326
2565.tif,0.510274,20.5048,0.248591
2566.tif,0.522709,17.4562,0.294726
2567.tif,0.623482,22.2828,0.251116
2568.tif,0.627757,22.2725,0.222018
2569.tif,0.571746,22.578,0.252362
257.tif,0.443889,19.1559,0.312626
2570.tif,0.569054,21.3782,0.26706
2571.tif,0.643408,23.5547,0.235834
2572.tif,0.751245,23.9171,0.263846
2573.tif,0.648121,23.6554,0.252124
2574.tif,0.626359,20.5528,0.277754
2575.tif,0.608416,22.6564,0.259377
2576.tif,0.683431,23.2243,0.221411
2577.tif,0.635253,22.8868,0.2268
2578.tif,0.671287,20.9928,0.199889
2579.tif,0.622248,22.3158,0.240686
258.tif,0.635988,22.5246,0.304218
2580.tif,0.66305,24.2578,0.209846
2581.tif,0.239095,17.4777,0.539143
2582.tif,0.794637,26.0417,0.254614
2583.tif,0.623549,21.448,0.282827
2584.tif,0.694834,23.196,0.219905
2585.tif,0.606045,22.9728,0.278771
2586.tif,0.541384,18.8292,0.291133
2587.tif,0.537346,22.3397,0.273686
2588.tif,0.675916,24.1936,0.239051
2589.tif,0.643424,24.918,0.278584
259.tif,0.511234,19.5088,0.285379
2590.tif,0.65465,21.638,0.243241
2591.tif,0.664749,23.5582,0.206702
2592.tif,0.662786,24.3318,0.27419
2593.tif,0.579522,21.9359,0.255191
2594.tif,0.62822,22.8012,0.232805
2595.tif,0.651288,23.6041,0.244508
2596.tif,0.52021,23.0298,0.290735
2597.tif,0.673256,21.6643,0.215402
2598.tif,0.596695,20.3479,0.229146
2599.tif,0.73648,23.9325,0.25016
26.tif,0.604992,21.6543,0.261009
260.tif,0.464526,20.3324,0.271973
2600.tif,0.531029,19.8659,0.298892
2601.tif,0.622972,22.5455,0.228468
2602.tif,0.606517,22.8728,0.253087
2603.tif,0.547732,20.4474,0.307613
2604.tif,0.592743,22.6887,0.24619
2605.tif,0.622183,22.2477,0.243802
2606.tif,0.72237,24.3292,0.229335
2607.tif,0.706382,22.5557,0.209676
2608.tif,0.621943,22.5506,0.321171
2609.tif,0.731786,24.9128,0.230705
261.tif,0.743184,22.4368,0.241482
2610.tif,0.596357,22.5498,0.250009
2611.tif,0.621164,23.1183,0.230761
2612.tif,0.517761,19.5822,0.272491
2613.tif,0.613007,21.7665,0.256162
2614.tif,0.66591,23.8294,0.227629
2615.tif,0.587994,21.2789,0.282041
2616.tif,0.545858,22.0314,0.238275
2617.tif,0.540058,21.6266,0.276184
2618.tif,0.736858,22.9736,0.21692
2619.tif,0.608221,23.6334,0.278153
262.tif,0.616515,21.9756,0.241269
2620.tif,0.561681,21.0549,0.260528
2621.tif,0.683518,23.5201,0.240257
2622.tif,0.687133,21.775,0.219897
2623.tif,0.708553,24.5362,0.197181
2624.tif,0.526202,21.257,0.246764
2625.tif,0.580063,20.5063,0.275153
2626.tif,0.569739,23.1488,0.256869
2627.tif,0.683256,24.5845,0.23778
2628.tif,0.640467,23.4823,0.244178
2629.tif,0.659661,24.196,0.218749
263.tif,0.49888,19.555,0.322429
2630.tif,0.52853,21.5705,0.268731
2631.tif,0.603322,23.1096,0.237635
2632.tif,0.579335,21.2507,0.248089
2633.tif,0.571674,20.8884,0.294224
2634.tif,0.684048,24.6989,0.207995
2635.tif,0.527454,20.5246,0.286525
2636.tif,0.679275,22.5604,0.284764
2637.tif,0.685683,24.3106,0.200123
2638.tif,0.729879,24.8868,0.231388
2639.tif,0.578762,23.0966,0.24066
264.tif,0.460637,19.7339,0.294953
2640.tif,0.485299,17.0163,0.307147
2641.tif,0.515619,20.4629,0.275587
2642.tif,0.664244,23.3127,0.263635
2643.tif,0.643916,23.7723,0.252237
2644.tif,0.605383,21.052,0.267188
2645.tif,0.610093,21.8028,0.252592
2646.tif,0.666184,21.9555,0.232735
2647.tif,0.589527,22.4273,0.269251
2648.tif,0.699332,23.367,0.202074
2649.tif,0.546851,22.5606,0.244764
265.tif,0.794512,23.9215,0.236514
2650.tif,0.705961,24.4667,0.266413
2651.tif,0.608821,23.0008,0.270456
2652.tif,0.669903,23.3662,0.24729
2653.tif,0.696521,24.0045,0.236184
2654.tif,0.601268,21.0831,0.258693
2655.tif,0.591814,23.6593,0.206488
2656.tif,0.664835,23.3107,0.235047
2657.tif,0.535382,21.2574,0.241647
2658.tif,0.510743,21.9155,0.252296
2659.tif,0.618755,23.5473,0.275977
266.tif,0.475114,19.4429,0.303646
2660.tif,0.554108,22.1145,0.265523
2661.tif,0.580673,23.091,0.270346
2662.tif,0.674383,22.9002,0.259629
2663.tif,0.692036,24.1269,0.217118
2664.tif,0.507073,21.3823,0.302522
2665.tif,0.716998,20.922,0.243817
2666.tif,0.561526,21.8862,0.301589
2667.tif,0.549717,20.5897,0.264778
2668.tif,0.580781,21.9871,0.267492
2669.tif,0.583959,22.4396,0.230393
267.tif,0.777279,23.4008,0.321553
2670.tif,0.598853,22.9496,0.268531
2671.tif,0.6999,24.1232,0.228418
2672.tif,0.644409,21.9773,0.268685
2673.tif,0.759822,26.2767,0.249386
2674.tif,0.682672,24.0899,0.230012
2675.tif,0.675503,23.6509,0.234876
2676.tif,0.614857,21.3059,0.256909
2677.tif,0.685807,24.3456,0.239598
2678.tif,0.589193,22.5837,0.282503
2679.tif,0.543794,22.7056,0.25164
268.tif,0.506211,20.5854,0.290083
2680.tif,0.678696,22.8035,0.227325
2681.tif,0.69704,22.5272,0.181696
2682.tif,0.688327,25.1,0.244649
2683.tif,0.566817,19.9089,0.244969
2684.tif,0.694933,23.9532,0.260039
2685.tif,0.510685,21.1034,0.307468
2686.tif,0.581274,20.0982,0.252733
2687.tif,0.682651,22.8164,0.199148
2688.tif,0.677499,23.9395,0.208193
2689.tif,0.731561,23.901,0.201822
269.tif,0.536187,19.6644,0.325529
2690.tif,0.672285,23.0642,0.244721
2691.tif,0.560713,21.0084,0.266692
2692.tif,0.629011,23.6076,0.213031
2693.tif,0.554366,19.5,0.274955
2694.tif,0.696766,24.4374,0.198172
2695.tif,0.690251,24.2505,0.252178
2696.tif,0.588626,21.4565,0.285204
2697.tif,0.737682,24.0375,0.222126
2698.tif,0.540096,21.0705,0.289604
2699.tif,0.637317,23.2797,0.270867
27.tif,0.59805,20.4236,0.308174
270.tif,0.600945,18.8958,0.310098
2700.tif,0.512274,22.605,0.242405
2701.tif,0.673313,24.0926,0.258306
2702.tif,0.693013,21.1352,0.194641
2703.tif,0.558949,22.0749,0.241228
2704.tif,0.531088,21.935,0.275612
2705.tif,0.636108,21.6391,0.252568
2706.tif,0.780158,25.3073,0.223418
2707.tif,0.575642,23.2373,0.276986
2708.tif,0.433375,20.3039,0.455229
2709.tif,0.610427,22.4751,0.246835
271.tif,0.614557,22.3737,0.232064
2710.tif,0.495187,20.633,0.307766
2711.tif,0.637835,23.8559,0.279256
2712.tif,0.194416,17.7291,0.566093
2713.tif,0.525898,19.6097,0.302156
2714.tif,0.650807,20.9902,0.264307
2715.tif,0.716694,24.5634,0.202346
2716.tif,0.604586,22.4299,0.23527
2717.tif,0.646246,23.293,0.278655
2718.tif,0.583234,20.1786,0.263982
2719.tif,0.614944,22.1388,0.236104
272.tif,0.500139,20.7671,0.279134
2720.tif,0.608625,22.1826,0.250506
2721.tif,0.361054,20.5467,0.50108
2722.tif,0.649117,22.9144,0.271363
2723.tif,0.521939,21.2736,0.291202
2724.tif,0.50989,19.8953,0.305089
2725.tif,0.603252,23.2873,0.274642
2726.tif,0.557395,22.1479,0.235689
2727.tif,0.649395,23.223,0.233645
2728.tif,0.613894,19.5022,0.250914
2729.tif,0.669674,23.8169,0.235318
273.tif,0.546476,18.0742,0.300673
2730.tif,0.409288,19.5757,0.343039
2731.tif,0.612102,22.8228,0.211387
2732.tif,0.654567,22.4462,0.227554
2733.tif,0.664195,23.1027,0.213449
2734.tif,0.661286,23.5122,0.232041
2735.tif,0.524244,20.335,0.290553
2736.tif,0.749038,25.0236,0.234792
2737.tif,0.589561,22.7812,0.240526
2738.tif,0.567146,22.2263,0.221296
2739.tif,0.685639,21.7721,0.266353
274.tif,0.535756,20.3823,0.273201
2740.tif,0.546243,21.9075,0.250086
2741.tif,0.670114,22.7275,0.244314
2742.tif,0.596463,21.9085,0.238887
2743.tif,0.576237,20.8841,0.264291
2744.tif,0.631429,24.3938,0.268848
2745.tif,0.697131,24.124,0.258824
2746.tif,0.520153,18.8505,0.268619
2747.tif,0.652595,23.0553,0.224538
2748.tif,0.624124,20.9869,0.286011
2749.tif,0.558346,22.4376,0.305504
275.tif,0.494637,21.1266,0.260611
2750.tif,0.57035,20.9091,0.260797
2751.tif,0.570243,19.7869,0.270554
2752.tif,0.616271,24.0015,0.26902
2753.tif,0.687031,23.0338,0.384169
2754.tif,0.641002,23.1342,0.270024
2755.tif,0.606383,23.2639,0.271053
2756.tif,0.638321,22.6544,0.220941
2757.tif,0.648549,22.6438,0.213083
2758.tif,0.506131,19.4641,0.293234
2759.tif,0.621354,19.885,0.241737
276.tif,0.497131,20.8357,0.274099
2760.tif,0.649703,23.3018,0.261001
2761.tif,0.576784,20.5488,0.259965
2762.tif,0.665366,23.642,0.21188
2763.tif,0.584814,20.3885,0.286179
2764.tif,0.547952,21.0836,0.249703
2765.tif,0.602346,19.6183,0.294768
2766.tif,0.640238,22.6944,0.308015
2767.tif,0.433509,19.3675,0.367327
2768.tif,0.425146,18.9255,0.334022
2769.tif,0.54331,21.6725,0.263198
277.tif,0.472816,19.7746,0.31359
2770.tif,0.553016,22.072,0.3406
2771.tif,0.666579,24.6727,0.26169
2772.tif,0.616748,22.177,0.264707
2773.tif,0.505605,19.8308,0.289056
2774.tif,0.730773,23.0297,0.234626
2775.tif,0.634469,21.9337,0.357069
2776.tif,0.572089,20.806,0.279294
2777.tif,0.558905,20.5553,0.262383
2778.tif,0.557806,20.5236,0.381357
2779.tif,0.546177,20.6258,0.298109
278.tif,0.794773,24.6494,0.242954
2780.tif,0.656128,21.4274,0.281051
2781.tif,0.578607,21.3488,0.257954
2782.tif,0.667688,21.2431,0.276094
2783.tif,0.568044,18.7492,0.337171
2784.tif,0.616358,23.0789,0.251093
2785.tif,0.662551,22.7638,0.256515
2786.tif,0.562029,18.294,0.348886
2787.tif,0.502828,18.5431,0.294761
2788.tif,0.585716,21.2913,0.36122
2789.tif,0.537105,18.5033,0.318349
279.tif,0.475768,18.9691,0.301724
2790.tif,0.580863,18.6636,0.36207
2791.tif,0.718313,24.6639,0.330925
2792.tif,0.670245,24.246,0.221455
2793.tif,0.68806,19.453,0.291232
2794.tif,0.497484,19.63,0.330201
2795.tif,0.778088,24.1237,0.194586
2796.tif,0.557025,13.5752,0.392979
2797.tif,0.596905,24.6466,0.277863
2798.tif,0.548026,19.2651,0.347558
2799.tif,0.503614,18.4561,0.314207
28.tif,0.78965,21.5983,0.258501
280.tif,0.471362,20.7099,0.287968
2800.tif,0.528048,20.415,0.277456
2801.tif,0.620523,23.2415,0.265311
2802.tif,0.498076,22.1612,0.306933
2803.tif,0.556804,21.4327,0.254889
2804.tif,0.565754,21.3495,0.323435
2805.tif,0.708178,21.947,0.287433
2806.tif,0.724389,24.0807,0.243707
2807.tif,0.640474,20.9147,0.270743
2808.tif,0.519589,19.4855,0.311347
2809.tif,0.648247,22.8049,0.271978
281.tif,0.507481,21.206,0.283725
2810.tif,0.622523,21.6059,0.250489
2811.tif,0.612897,22.5402,0.310664
2812.tif,0.557109,20.8868,0.253268
2813.tif,0.669973,20.8701,0.278458
2814.tif,0.731639,23.3046,0.309564
2815.tif,0.709383,22.2292,0.275472
2816.tif,0.671932,23.5081,0.271616
2817.tif,0.557356,21.5265,0.306665
2818.tif,0.64015,23.0678,0.250509
2819.tif,0.65069,22.9236,0.265353
282.tif,0.411694,19.9783,0.380572
2820.tif,0.586141,20.887,0.256417
2821.tif,0.61271,22.0495,0.306071
2822.tif,0.709145,25.2368,0.216163
2823.tif,0.660072,22.1973,0.316834
2824.tif,0.50052,19.9348,0.302227
2825.tif,0.547826,21.9775,0.258565
2826.tif,0.680094,22.4308,0.224276
2827.tif,0.80148,23.1787,0.253056
2828.tif,0.551156,20.0449,0.267228
2829.tif,0.633629,20.8186,0.270289
283.tif,0.535399,20.5862,0.278283
2830.tif,0.606503,20.6396,0.313813
2831.tif,0.452935,19.2012,0.303203
2832.tif,0.652436,23.5188,0.24453
2833.tif,0.560906,19.1227,0.346591
2834.tif,0.622845,21.8462,0.261435
2835.tif,0.620648,22.291,0.279435
2836.tif,0.633598,19.3812,0.314114
2837.tif,0.660244,21.8531,0.289265
2838.tif,0.556431,21.0421,0.265534
2839.tif,0.686281,23.076,0.257547
284.tif,0.467874,21.221,0.27413
2840.tif,0.547903,19.7081,0.322622
2841.tif,0.549011,19.3451,0.300612
2842.tif,0.777716,24.7852,0.307519
2843.tif,0.558303,21.9345,0.286741
2844.tif,0.69643,24.5843,0.23089
2845.tif,0.546891,22.728,0.309204
2846.tif,0.699571,23.5834,0.22423
2847.tif,0.404898,20.4242,0.345383
2848.tif,0.519072,20.7992,0.290071
2849.tif,0.70338,24.8787,0.298254
285.tif,0.502709,19.0587,0.318372
2850.tif,0.516184,20.7792,0.30815
2851.tif,0.607905,20.6552,0.331598
2852.tif,0.59796,23.2227,0.248469
2853.tif,0.572975,21.1518,0.255889
2854.tif,0.556542,18.5877,0.293805
2855.tif,0.548286,21.0217,0.279873
2856.tif,0.53752,21.5281,0.292098
2857.tif,0.624219,22.627,0.273845
2858.tif,0.541336,19.4633,0.338826
2859.tif,0.701459,23.6949,0.272955
286.tif,0.408909,19.6215,0.283899
2860.tif,0.57629,23.3047,0.296668
2861.tif,0.645866,20.4288,0.29872
2862.tif,0.567285,21.8076,0.256153
2863.tif,0.577689,21.2998,0.308614
2864.tif,0.703866,22.066,0.251312
2865.tif,0.584869,22.2118,0.2956
2866.tif,0.576667,21.3718,0.293176
2867.tif,0.541497,19.0298,0.258298
2868.tif,0.608326,21.8138,0.319496
2869.tif,0.600361,21.5866,0.236978
287.tif,0.510815,20.4934,0.242182
2870.tif,0.644637,24.3168,0.249797
2871.tif,0.542807,20.1899,0.287074
2872.tif,0.595299,22.1078,0.264898
2873.tif,0.548373,21.2249,0.267241
2874.tif,0.545509,20.7135,0.27564
2875.tif,0.696883,19.8816,0.329917
2876.tif,0.798563,22.6816,0.240516
2877.tif,0.711121,21.4867,0.230951
2878.tif,0.502863,17.4918,0.350719
2879.tif,0.544304,20.9438,0.320911
288.tif,0.499108,20.5161,0.281623
2880.tif,0.648682,23.8626,0.258326
2881.tif,0.635144,23.6716,0.273772
2882.tif,0.687347,23.3829,0.231447
2883.tif,0.693631,22.5616,0.252597
2884.tif,0.589473,20.7283,0.300556
2885.tif,0.555123,21.3503,0.257848
2886.tif,0.577081,21.8535,0.353895
2887.tif,0.67197,23.9009,0.25803
2888.tif,0.509045,20.9754,0.300666
2889.tif,0.551036,19.3172,0.280703
289.tif,0.412252,19.729,0.328632
2890.tif,0.503561,21.1769,0.338008
2891.tif,0.686671,24.0926,0.221035
2892.tif,0.593564,21.3654,0.322016
2893.tif,0.63091,19.8952,0.297899
2894.tif,0.57618,21.5936,0.286549
2895.tif,0.55514,20.4752,0.293587
2896.tif,0.644351,23.0373,0.236853
2897.tif,0.693881,23.3433,0.229136
2898.tif,0.799656,25.6203,0.22226
2899.tif,0.700068,23.1214,0.248829
29.tif,0.517826,21.9338,0.273535
290.tif,0.536039,20.5619,0.300428
2900.tif,0.597847,20.4634,0.316246
2901.tif,0.671563,24.1984,0.264908
2902.tif,0.597855,20.9222,0.235173
2903.tif,0.62961,21.8676,0.297444
2904.tif,0.688205,24.353,0.2387
2905.tif,0.516258,19.1261,0.298474
2906.tif,0.660516,22.2466,0.259981
2907.tif,0.560108,22.1916,0.272809
2908.tif,0.573668,22.3839,0.354704
2909.tif,0.711252,23.6032,0.230507
291.tif,0.591791,20.6677,0.303908
2910.tif,0.641845,22.47,0.247597
2911.tif,0.773602,25.6889,0.252578
2912.tif,0.609832,19.9103,0.281786
2913.tif,0.588876,21.8858,0.291163
2914.tif,0.525041,19.4829,0.341701
2915.tif,0.690527,24.4718,0.262206
2916.tif,0.590025,21.621,0.320421
2917.tif,0.667916,22.1716,0.243464
2918.tif,0.580068,22.6006,0.253265
2919.tif,0.561495,22.4217,0.255153
292.tif,0.546478,19.0537,0.325547
2920.tif,0.564867,22.7886,0.27629
2921.tif,0.596561,19.9849,0.281441
2922.tif,0.570296,21.2523,0.255416
2923.tif,0.568482,21.7238,0.291644
2924.tif,0.584185,21.108,0.316491
2925.tif,0.613839,22.296,0.256358
2926.tif,0.578661,21.0811,0.315764
2927.tif,0.52243,19.8458,0.286406
2928.tif,0.580589,21.9325,0.282665
2929.tif,0.748387,23.4743,0.267617
293.tif,0.473518,19.5936,0.263718
2930.tif,0.553657,20.2683,0.309733
2931.tif,0.714209,25.217,0.229233
2932.tif,0.671882,23.6701,0.32782
2933.tif,0.527947,20.5865,0.300128
2934.tif,0.579138,22.1797,0.270815
2935.tif,0.796938,24.9664,0.227433
2936.tif,0.522958,21.5747,0.345989
2937.tif,0.618203,21.7434,0.28755
2938.tif,0.632054,22.0645,0.289147
2939.tif,0.637568,20.107,0.282913
294.tif,0.557585,21.6883,0.280251
2940.tif,0.511884,18.7265,0.263706
2941.tif,0.49506,21.2535,0.25431
2942.tif,0.539143,20.1292,0.274806
2943.tif,0.593472,18.9311,0.305562
2944.tif,0.606113,22.3774,0.273518
2945.tif,0.6608,24.1965,0.213642
2946.tif,0.542576,20.009,0.254886
2947.tif,0.58326,21.8787,0.260431
2948.tif,0.653522,24.845,0.236119
2949.tif,0.578993,23.8434,0.257199
295.tif,0.563774,20.7122,0.281063
2950.tif,0.546614,21.0823,0.236095
2951.tif,0.581323,22.0176,0.303615
2952.tif,0.534961,20.4632,0.272995
2953.tif,0.607648,23.4001,0.270182
2954.tif,0.575642,20.6705,0.27382
2955.tif,0.569169,19.9796,0.242693
2956.tif,0.461787,20.0025,0.304536
2957.tif,0.630086,22.0909,0.221834
2958.tif,0.689834,24.744,0.225733
2959.tif,0.601593,21.5787,0.234642
296.tif,0.527883,20.4251,0.319097
2960.tif,0.621383,21.086,0.237675
2961.tif,0.573661,19.8695,0.264552
2962.tif,0.614253,21.4924,0.233401
2963.tif,0.537938,22.2861,0.251722
2964.tif,0.622813,22.9286,0.251844
2965.tif,0.526663,20.1203,0.25627
2966.tif,0.776936,24.9955,0.261608
2967.tif,0.6751,23.0814,0.214037
2968.tif,0.601602,22.5437,0.240162
2969.tif,0.549949,19.2132,0.284985
297.tif,0.610337,21.7805,0.28002
2970.tif,0.59642,22.2849,0.28411
2971.tif,0.515029,20.7947,0.238831
2972.tif,0.623512,23.6348,0.287654
2973.tif,0.515386,21.3298,0.253222
2974.tif,0.651063,23.7065,0.252227
2975.tif,0.674216,23.9794,0.206407
2976.tif,0.722082,24.5081,0.190963
2977.tif,0.700872,23.1449,0.245189
2978.tif,0.542907,20.322,0.325828
2979.tif,0.617848,22.0691,0.257782
298.tif,0.559654,22.0715,0.297639
2980.tif,0.587583,21.6547,0.281525
2981.tif,0.636295,22.1895,0.22525
2982.tif,0.638947,23.0327,0.242022
2983.tif,0.608262,20.5378,0.26973
2984.tif,0.708944,21.6274,0.222305
2985.tif,0.577087,21.534,0.222354
2986.tif,0.670072,22.8704,0.228751
2987.tif,0.474078,19.3583,0.263034
2988.tif,0.580234,22.1504,0.235502
2989.tif,0.74236,24.1699,0.279781
299.tif,0.492355,20.415,0.279551
2990.tif,0.686071,24.084,0.216255
2991.tif,0.679044,24.9963,0.233278
2992.tif,0.588048,22.7607,0.223908
2993.tif,0.741395,23.0443,0.230057
2994.tif,0.580751,20.9074,0.245949
2995.tif,0.561453,22.3924,0.224192
2996.tif,0.63162,22.1588,0.240751
2997.tif,0.573804,22.6561,0.2356
2998.tif,0.696518,22.6487,0.203432
2999.tif,0.693807,23.3604,0.232912
3.tif,0.587062,19.6575,0.269508
30.tif,0.633113,19.0052,0.281442
300.tif,0.527399,20.3715,0.286237
3000.tif,0.629584,24.0811,0.25138
3001.tif,0.609557,21.7159,0.293713
3002.tif,0.675671,24.5825,0.25777
3003.tif,0.65679,22.9505,0.224983
3004.tif,0.647525,24.0277,0.253056
3005.tif,0.521649,21.644,0.262257
3006.tif,0.616194,22.3259,0.235793
3007.tif,0.673157,23.7725,0.227505
3008.tif,0.527757,19.0542,0.263806
3009.tif,0.535165,21.8951,0.307106
301.tif,0.506005,18.2056,0.310371
3010.tif,0.63214,22.4363,0.287016
3011.tif,0.604419,22.3018,0.323353
3012.tif,0.571404,21.5948,0.25117
3013.tif,0.689612,21.6752,0.233248
3014.tif,0.601922,22.3108,0.221007
3015.tif,0.559516,22.6649,0.254037
3016.tif,0.611291,20.5497,0.273755
3017.tif,0.55171,21.2099,0.282328
3018.tif,0.703685,24.233,0.233033
3019.tif,0.647882,21.3309,0.250778
302.tif,0.55845,22.8555,0.280458
3020.tif,0.567589,21.44,0.246025
3021.tif,0.583806,21.1208,0.310726
3022.tif,0.575032,20.633,0.272258
3023.tif,0.517577,20.394,0.257441
3024.tif,0.536084,21.4362,0.236037
3025.tif,0.62477,23.7391,0.272077
3026.tif,0.623041,20.4946,0.215418
3027.tif,0.508887,21.467,0.246268
3028.tif,0.661931,21.1273,0.266049
3029.tif,0.64274,23.9819,0.223861
303.tif,0.61575,22.1614,0.311646
3030.tif,0.590325,18.406,0.310106
3031.tif,0.717154,23.889,0.208923
3032.tif,0.642519,22.0648,0.222024
3033.tif,0.65426,23.0687,0.210611
3034.tif,0.63652,22.2146,0.247391
3035.tif,0.732469,23.7031,0.212421
3036.tif,0.684487,23.1194,0.265158
3037.tif,0.5043,19.8982,0.251465
3038.tif,0.705519,23.3932,0.20964
3039.tif,0.466205,19.6316,0.268063
304.tif,0.417766,20.3409,0.313088
3040.tif,0.637203,23.044,0.246919
3041.tif,0.578911,20.954,0.241737
3042.tif,0.643418,21.8416,0.248836
3043.tif,0.657061,23.8063,0.215412
3044.tif,0.712227,23.7067,0.203014
3045.tif,0.692083,22.1879,0.227811
3046.tif,0.529474,19.9127,0.274385
3047.tif,0.535045,21.3093,0.298877
3048.tif,0.469517,20.2582,0.286688
3049.tif,0.568454,22.6083,0.233368
305.tif,0.493414,20.1874,0.277861
3050.tif,0.684064,21.3714,0.252572
3051.tif,0.700482,24.9055,0.226076
3052.tif,0.595781,21.9924,0.238568
3053.tif,0.622036,19.8862,0.260358
3054.tif,0.585661,22.3646,0.272023
3055.tif,0.539194,21.0225,0.24949
3056.tif,0.606203,23.7923,0.246333
3057.tif,0.476961,19.3407,0.266042
3058.tif,0.495582,19.1681,0.257586
3059.tif,0.615083,22.0699,0.254074
306.tif,0.518913,20.4288,0.328902
3060.tif,0.613623,20.1281,0.326686
3061.tif,0.722609,23.598,0.218192
3062.tif,0.516427,20.3586,0.27059
3063.tif,0.527296,18.889,0.318074
3064.tif,0.619454,23.5689,0.240553
3065.tif,0.679898,22.1961,0.255183
3066.tif,0.679485,22.7849,0.333337
3067.tif,0.561744,19.3882,0.258084
3068.tif,0.596362,21.9346,0.295127
3069.tif,0.497947,19.745,0.28901
307.tif,0.460167,20.3614,0.354111
3070.tif,0.515104,18.9537,0.26592
3071.tif,0.679909,21.438,0.249693
3072.tif,0.721687,23.8108,0.211282
3073.tif,0.658896,23.8627,0.225654
3074.tif,0.560332,24.7818,0.295424
3075.tif,0.548091,21.1227,0.284122
3076.tif,0.522644,18.7387,0.246386
3077.tif,0.574801,22.2129,0.256907
3078.tif,0.657002,22.1449,0.265016
3079.tif,0.543143,19.8776,0.234613
308.tif,0.495341,20.7016,0.277434
3080.tif,0.543787,20.836,0.246277
3081.tif,0.570323,21.9239,0.251759
3082.tif,0.615411,22.9062,0.266006
3083.tif,0.679326,22.1613,0.249113
3084.tif,0.696492,25.297,0.200406
3085.tif,0.526398,19.2626,0.270454
3086.tif,0.68041,23.0525,0.239393
3087.tif,0.537867,22.0994,0.272004
3088.tif,0.618527,18.7767,0.271271
3089.tif,0.687263,24.4388,0.223304
309.tif,0.435815,19.4389,0.336662
3090.tif,0.68161,24.6902,0.248851
3091.tif,0.575842,19.1462,0.282304
3092.tif,0.606445,22.2895,0.253585
3093.tif,0.655241,22.7221,0.246087
3094.tif,0.633958,22.5781,0.232484
3095.tif,0.664498,21.7647,0.230872
3096.tif,0.61025,21.8048,0.261259
3097.tif,0.47401,20.0723,0.293427
3098.tif,0.531935,21.5571,0.26991
3099.tif,0.546803,22.1572,0.250766
31.tif,0.612813,20.9777,0.254031
310.tif,0.438821,19.7739,0.305367
3100.tif,0.712855,22.9116,0.228942
3101.tif,0.606808,19.1176,0.340978
3102.tif,0.620863,22.1726,0.232973
3103.tif,0.67482,24.6716,0.212937
3104.tif,0.679067,23.9488,0.211678
3105.tif,0.606328,23.1501,0.255261
3106.tif,0.617606,23.0749,0.221592
3107.tif,0.683287,24.5651,0.230758
3108.tif,0.532604,21.4438,0.236184
3109.tif,0.623258,21.5722,0.251788
311.tif,0.560218,17.4798,0.299815
3110.tif,0.733217,23.9629,0.27597
3111.tif,0.489005,20.3149,0.258503
3112.tif,0.690017,21.9254,0.261799
3113.tif,0.629793,21.6759,0.257047
3114.tif,0.522343,20.9752,0.257139
3115.tif,0.585642,23.2008,0.245003
3116.tif,0.605434,17.907,0.280795
3117.tif,0.641874,23.4901,0.222313
3118.tif,0.679138,23.5281,0.250547
3119.tif,0.520674,18.3982,0.32396
312.tif,0.753123,23.531,0.346177
3120.tif,0.570437,21.0478,0.274944
3121.tif,0.692777,21.6874,0.21796
3122.tif,0.529031,20.5642,0.278564
3123.tif,0.666584,21.6555,0.252676
3124.tif,0.65466,20.8055,0.210992
3125.tif,0.711607,23.2672,0.247511
3126.tif,0.640838,22.0966,0.225249
3127.tif,0.45156,18.3813,0.299178
3128.tif,0.596511,20.8234,0.244272
3129.tif,0.582301,21.5769,0.23571
313.tif,0.532212,20.2641,0.266667
3130.tif,0.765499,24.2853,0.234333
3131.tif,0.680681,22.7691,0.248935
3132.tif,0.612942,22.3292,0.250936
3133.tif,0.713235,21.1244,0.314394
3134.tif,0.557756,22.6968,0.25402
3135.tif,0.529904,21.1569,0.283707
3136.tif,0.593769,19.9736,0.293895
3137.tif,0.630508,22.946,0.232865
3138.tif,0.50355,19.2371,0.276289
3139.tif,0.606977,20.199,0.253096
314.tif,0.467722,19.0608,0.315579
3140.tif,0.455846,20.7013,0.263285
3141.tif,0.434067,20.3936,0.292576
3142.tif,0.713686,23.2363,0.227147
3143.tif,0.627522,20.9575,0.272716
3144.tif,0.675072,23.2171,0.246632
3145.tif,0.495092,20.0865,0.234563
3146.tif,0.58836,23.0718,0.254596
3147.tif,0.678523,22.965,0.242732
3148.tif,0.562769,16.0967,0.312128
3149.tif,0.654093,20.7426,0.253081
315.tif,0.505178,20.1544,0.27251
3150.tif,0.626684,22.7611,0.306233
3151.tif,0.576242,20.7703,0.229632
3152.tif,0.603967,21.282,0.254663
3153.tif,0.711857,24.09,0.2415
3154.tif,0.445406,20.329,0.29546
3155.tif,0.558944,21.5904,0.27117
3156.tif,0.524753,18.9263,0.244766
3157.tif,0.542133,22.352,0.290244
3158.tif,0.575455,22.5645,0.293337
3159.tif,0.542467,21.9167,0.217698
316.tif,0.705497,22.8129,0.241912
3160.tif,0.575614,17.5066,0.264462
3161.tif,0.640269,22.7464,0.228605
3162.tif,0.584486,22.3626,0.226713
3163.tif,0.543528,20.4893,0.280602
3164.tif,0.402926,19.405,0.271762
3165.tif,0.459317,19.1635,0.263854
3166.tif,0.551497,21.3707,0.263239
3167.tif,0.532849,19.6493,0.284949
3168.tif,0.721089,24.6832,0.181225
3169.tif,0.659397,23.4882,0.241051
317.tif,0.566303,22.6401,0.291009
3170.tif,0.459967,18.9963,0.25747
3171.tif,0.479718,19.6658,0.255853
3172.tif,0.533666,21.1503,0.257441
3173.tif,0.574565,22.1254,0.280163
3174.tif,0.562678,20.4378,0.270941
3175.tif,0.627561,22.3955,0.253576
3176.tif,0.623122,19.8174,0.256763
3177.tif,0.629311,22.2873,0.224693
3178.tif,0.501716,20.6706,0.236614
3179.tif,0.554589,20.7405,0.320535
318.tif,0.545629,21.987,0.270893
3180.tif,0.732657,21.3253,0.248391
3181.tif,0.525703,19.7049,0.265154
3182.tif,0.659129,22.0417,0.239739
3183.tif,0.539649,21.6202,0.251203
3184.tif,0.689922,22.6795,0.23312
3185.tif,0.543214,20.1371,0.266213
3186.tif,0.56115,19.7596,0.250923
3187.tif,0.591891,21.8516,0.229261
3188.tif,0.669013,24.2977,0.225425
3189.tif,0.574017,22.9091,0.232395
319.tif,0.476442,20.772,0.275669
3190.tif,0.514914,18.8766,0.301871
3191.tif,0.562631,23.4866,0.32486
3192.tif,0.543642,19.8037,0.313314
3193.tif,0.629967,23.1582,0.215856
3194.tif,0.568245,21.4922,0.274798
3195.tif,0.727854,24.8332,0.242164
3196.tif,0.68207,22.1849,0.271872
3197.tif,0.58036,20.2297,0.29236
3198.tif,0.574179,20.7417,0.289561
3199.tif,0.418255,19.3859,0.258665
32.tif,0.657284,20.6468,0.283936
320.tif,0.687888,23.0446,0.278026
3200.tif,0.637273,23.9157,0.240146
3201.tif,0.6178,21.6289,0.262348
3202.tif,0.534066,20.998,0.280372
3203.tif,0.591254,20.5195,0.343207
3204.tif,0.633687,22.118,0.383353
3205.tif,0.669186,22.3271,0.258397
3206.tif,0.554287,22.0766,0.277374
3207.tif,0.52062,19.9348,0.339575
3208.tif,0.570095,22.5075,0.260341
3209.tif,0.556281,21.4822,0.272275
321.tif,0.498902,21.204,0.28551
3210.tif,0.487388,18.8935,0.290743
3211.tif,0.617916,24.1692,0.277766
3212.tif,0.440484,19.2772,0.280096
3213.tif,0.473783,20.3268,0.320183
3214.tif,0.583551,21.7824,0.279711
3215.tif,0.456194,18.6717,0.269438
3216.tif,0.522876,20.0085,0.263993
3217.tif,0.504438,19.4385,0.316224
3218.tif,0.49856,20.8977,0.252842
3219.tif,0.534913,21.9305,0.281905
322.tif,0.431913,20.0589,0.281928
3220.tif,0.542353,20.732,0.288577
3221.tif,0.524257,20.5529,0.260207
3222.tif,0.586866,21.6821,0.296077
3223.tif,0.402754,19.9404,0.282235
3224.tif,0.452847,19.7914,0.29379
3225.tif,0.564243,22.2091,0.270712
3226.tif,0.54236,20.3699,0.259911
3227.tif,0.455164,20.6765,0.310705
3228.tif,0.553151,21.8962,0.287014
3229.tif,0.521657,22.139,0.256159
323.tif,0.494894,20.4401,0.326861
3230.tif,0.474091,20.2299,0.281076
3231.tif,0.454274,19.0554,0.289249
3232.tif,0.606048,20.6931,0.265448
3233.tif,0.56098,22.3946,0.343584
3234.tif,0.46082,19.8392,0.283431
3235.tif,0.529902,22.0888,0.306126
3236.tif,0.671148,23.4029,0.279762
3237.tif,0.506261,20.0351,0.295997
3238.tif,0.554721,22.2596,0.294674
3239.tif,0.677143,23.3464,0.236859
324.tif,0.374285,19.2716,0.334581
3240.tif,0.511086,20.151,0.255414
3241.tif,0.640875,22.3085,0.269405
3242.tif,0.523248,21.0786,0.288495
3243.tif,0.625168,22.4778,0.304664
3244.tif,0.508302,20.893,0.28987
3245.tif,0.500246,19.1318,0.282487
3246.tif,0.580831,21.809,0.290288
3247.tif,0.434227,19.2647,0.367987
3248.tif,0.626258,21.3871,0.268195
3249.tif,0.525082,19.8631,0.286208
325.tif,0.517946,20.2798,0.313741
3250.tif,0.635296,23.002,0.31015
3251.tif,0.585521,22.0677,0.247578
3252.tif,0.497179,21.3545,0.271098
3253.tif,0.526851,20.0753,0.303079
3254.tif,0.562695,22.3525,0.256918
3255.tif,0.494017,20.0709,0.271165
3256.tif,0.617343,19.4158,0.337986
3257.tif,0.578172,21.3046,0.235699
3258.tif,0.61807,17.3664,0.410848
3259.tif,0.638457,21.8933,0.293315
326.tif,0.572813,21.2481,0.275615
3260.tif,0.511399,19.783,0.341525
3261.tif,0.468,21.2738,0.300256
3262.tif,0.533608,21.1087,0.267682
3263.tif,0.498659,19.4474,0.288025
3264.tif,0.568335,21.8534,0.258257
3265.tif,0.500983,19.3865,0.316552
3266.tif,0.629586,21.6787,0.284829
3267.tif,0.433096,20.2849,0.280389
3268.tif,0.687369,23.4462,0.270943
3269.tif,0.484719,20.216,0.358744
327.tif,0.514912,20.6023,0.316982
3270.tif,0.472432,21.2307,0.266085
3271.tif,0.606288,20.9868,0.313051
3272.tif,0.574032,20.5465,0.265244
3273.tif,0.44468,19.4219,0.320024
3274.tif,0.478114,20.3627,0.310882
3275.tif,0.475959,20.7308,0.283219
3276.tif,0.592139,21.8977,0.296414
3277.tif,0.556881,21.6361,0.279185
3278.tif,0.599939,22.0782,0.273089
3279.tif,0.653193,22.5443,0.284619
328.tif,0.513894,19.3612,0.34064
3280.tif,0.531758,21.4818,0.29795
3281.tif,0.469757,20.7298,0.286708
3282.tif,0.425092,19.2831,0.280793
3283.tif,0.588892,22.4406,0.258895
3284.tif,0.534759,20.8336,0.279903
3285.tif,0.47409,20.793,0.321701
3286.tif,0.582062,22.0684,0.280585
3287.tif,0.661773,22.254,0.27648
3288.tif,0.435973,19.3389,0.291859
3289.tif,0.425715,19.3193,0.311688
329.tif,0.55066,21.2238,0.280801
3290.tif,0.617409,23.2494,0.282889
3291.tif,0.550027,22.5247,0.282711
3292.tif,0.445626,20.6417,0.291622
3293.tif,0.458855,21.1934,0.302316
3294.tif,0.618478,20.9432,0.252313
3295.tif,0.558034,21.2542,0.298627
3296.tif,0.593034,22.4936,0.313717
3297.tif,0.568093,22.5982,0.304796
3298.tif,0.489343,19.0011,0.2952
3299.tif,0.731231,22.5937,0.231966
33.tif,0.520874,17.5881,0.265572
330.tif,0.495849,20.7071,0.369784
3300.tif,0.487168,19.8749,0.286448
3301.tif,0.609659,20.3179,0.27988
3302.tif,0.664999,22.0932,0.273141
3303.tif,0.613842,20.396,0.315443
3304.tif,0.46414,20.5603,0.298354
3305.tif,0.497004,17.8716,0.409317
3306.tif,0.585151,21.6461,0.309178
3307.tif,0.560854,19.3826,0.271834
3308.tif,0.477237,20.8885,0.343852
3309.tif,0.584351,22.4502,0.246294
331.tif,0.488363,20.41,0.274498
3310.tif,0.437693,19.3895,0.275885
3311.tif,0.515824,20.559,0.282513
3312.tif,0.441429,19.4667,0.298363
3313.tif,0.562293,22.909,0.31409
3314.tif,0.54907,22.3281,0.280942
3315.tif,0.571645,21.7675,0.261039
3316.tif,0.560376,20.264,0.302508
3317.tif,0.441883,20.145,0.291352
3318.tif,0.494385,20.2007,0.298084
3319.tif,0.517092,18.4208,0.311107
332.tif,0.50283,19.9283,0.302059
3320.tif,0.509021,20.5872,0.238915
3321.tif,0.457495,20.2497,0.263152
3322.tif,0.462104,20.1799,0.281687
3323.tif,0.518394,20.9881,0.32466
3324.tif,0.541357,21.8996,0.259288
3325.tif,0.458596,19.8673,0.275414
3326.tif,0.534589,19.8419,0.301607
3327.tif,0.525592,21.0079,0.329573
3328.tif,0.476049,20.9543,0.277253
3329.tif,0.510974,20.0044,0.284488
333.tif,0.793923,25.0116,0.22748
3330.tif,0.46965,20.6012,0.289734
3331.tif,0.581829,21.2673,0.297267
3332.tif,0.571034,21.7241,0.322219
3333.tif,0.494524,19.5686,0.302567
3334.tif,0.487809,20.4382,0.276013
3335.tif,0.528454,20.6878,0.265654
3336.tif,0.517446,21.536,0.291415
3337.tif,0.588749,23.0308,0.265418
3338.tif,0.403764,20.018,0.291181
3339.tif,0.498039,18.6816,0.33143
334.tif,0.429162,19.1614,0.338957
3340.tif,0.677735,22.8808,0.256126
3341.tif,0.452589,20.6639,0.273815
3342.tif,0.488684,20.7635,0.281816
3343.tif,0.640632,21.881,0.274599
3344.tif,0.521393,20.5129,0.273857
3345.tif,0.506385,18.7396,0.2818
3346.tif,0.571268,21.0645,0.30621
3347.tif,0.428757,19.7002,0.269991
3348.tif,0.58295,19.4766,0.26725
3349.tif,0.59999,22.0009,0.263708
335.tif,0.488136,20.8173,0.279831
3350.tif,0.481624,20.0493,0.293133
3351.tif,0.507004,20.1885,0.309447
3352.tif,0.59439,21.0129,0.281745
3353.tif,0.537522,21.5258,0.275451
3354.tif,0.503096,19.8904,0.255639
3355.tif,0.607179,21.4908,0.37445
3356.tif,0.473898,20.3889,0.3112
3357.tif,0.576763,18.4094,0.325308
3358.tif,0.53291,20.4662,0.296107
3359.tif,0.57619,21.5975,0.27619
336.tif,0.496081,20.3236,0.289678
3360.tif,0.532697,18.7142,0.403032
3361.tif,0.459161,19.6848,0.315808
3362.tif,0.603418,24.1254,0.262134
3363.tif,0.597144,21.3165,0.286504
3364.tif,0.442115,20.801,0.309016
3365.tif,0.662083,22.2403,0.240592
3366.tif,0.586904,22.7123,0.277211
3367.tif,0.697944,22.4447,0.336648
3368.tif,0.489373,21.2811,0.262118
3369.tif,0.541087,19.4674,0.364839
337.tif,0.558443,22.5191,0.297497
3370.tif,0.484848,16.7605,0.314075
3371.tif,0.462126,20.6495,0.277172
3372.tif,0.511808,19.8709,0.323168
3373.tif,0.606415,21.3416,0.268444
3374.tif,0.472819,20.8427,0.279962
3375.tif,0.461723,20.2619,0.285421
3376.tif,0.531883,20.4725,0.296171
3377.tif,0.397835,19.3327,0.311091
3378.tif,0.499765,19.1084,0.316199
3379.tif,0.46313,20.6441,0.284728
338.tif,0.545436,20.2594,0.270619
3380.tif,0.599243,20.6627,0.30338
3381.tif,0.545931,20.1661,0.301842
3382.tif,0.57347,21.4602,0.290518
3383.tif,0.423843,17.5062,0.340022
3384.tif,0.70017,24.0599,0.274444
3385.tif,0.418339,19.1181,0.316363
3386.tif,0.612817,22.5584,0.266685
3387.tif,0.585277,22.022,0.254536
3388.tif,0.500207,20.6811,0.296109
3389.tif,0.529504,21.5246,0.266102
339.tif,0.718994,23.9443,0.251623
3390.tif,0.421769,19.435,0.309557
3391.tif,0.500507,19.8989,0.316654
3392.tif,0.575751,21.1281,0.320206
3393.tif,0.516861,19.5252,0.300471
3394.tif,0.502238,19.3089,0.271766
3395.tif,0.489986,20.1283,0.259115
3396.tif,0.668624,23.1108,0.267328
3397.tif,0.512578,21.1523,0.271913
3398.tif,0.601696,22.7819,0.280597
3399.tif,0.588187,22.7072,0.266563
34.tif,0.580832,21.1407,0.227501
340.tif,0.518433,22.8245,0.329048
3400.tif,0.546523,20.7985,0.251211
3401.tif,0.480572,20.8366,0.272749
3402.tif,0.49523,20.9844,0.275997
3403.tif,0.607767,22.1763,0.272377
3404.tif,0.521705,21.8399,0.242697
3405.tif,0.643154,24.0468,0.292028
3406.tif,0.604544,20.1229,0.317844
3407.tif,0.513252,21.8138,0.25192
3408.tif,0.49313,21.5719,0.266658
3409.tif,0.564008,19.2509,0.311258
341.tif,0.603864,19.2685,0.281853
3410.tif,0.493706,20.3924,0.301305
3411.tif,0.486256,20.6027,0.292969
3412.tif,0.605175,22.2241,0.249154
3413.tif,0.727128,24.3131,0.246519
3414.tif,0.528164,22.2671,0.273925
3415.tif,0.610468,21.6998,0.253123
3416.tif,0.480945,21.4302,0.249947
3417.tif,0.574668,22.0016,0.293129
3418.tif,0.557512,21.0292,0.287876
